country,resort,hotel,price (Â£),distance_from_lift_(m),altitude (m),totalPiste (km),totalLifts,gondolas,chairlifts,draglifts,blues,reds,blacks,totalRuns,link,sleeps,decSnowLow2020(cm),decSnowHigh2020(cm),janSnowLow2020(cm),janSnowHigh2020(cm),febSnowLow2020(cm),febSnowHigh2020(cm),price ($),ratings,num_reviews
italy,bardonecchia,residence-tabor,550.0,,1312.0,140.0,23,0,9,14,17,24,1,42,https://www.igluski.com/ski-resorts/italy/bardonecchia/residence-tabor_38648?holidayId=58413613,,70.0,170.0,60.0,200.0,47.0,177.0,676.5,4.4,153
italy,bardonecchia,residence-villa-frejus,561.0,,1312.0,140.0,23,0,9,14,17,24,1,42,https://www.igluski.com/ski-resorts/italy/bardonecchia/residence-villa-frejus_38647?holidayId=58464837,,70.0,170.0,60.0,200.0,47.0,177.0,690.03,4.3,96
bulgaria,bansko,hotel-mura,566.0,1100.0,935.0,70.0,24,1,7,16,5,8,1,14,https://www.igluski.com/ski-resorts/bulgaria/bansko/hotel-mura_20914?holidayId=58542822,140,0.0,70.0,5.0,75.0,5.0,77.0,696.18,4.0,119
bulgaria,borovets,hotel-samokov,574.0,75.0,1390.0,58.0,18,1,4,13,1,13,1,15,https://www.igluski.com/ski-resorts/bulgaria/borovets/hotel-samokov_1092?holidayId=58456610,590,0.0,0.0,160.0,200.0,194.0,246.0,706.02,3.8,"1,792"
bulgaria,bansko,hotel-lion---bansko,596.0,800.0,935.0,70.0,24,1,7,16,5,8,1,14,https://www.igluski.com/ski-resorts/bulgaria/bansko/hotel-lion---bansko_20625?holidayId=58322886,386,0.0,70.0,5.0,75.0,5.0,77.0,733.08,4.2,553
andorra,arinsal,hotel-xalet-besoli,597.0,500.0,1550.0,63.0,30,2,11,13,22,16,4,42,https://www.igluski.com/ski-resorts/andorra/arinsal/hotel-xalet-besoli_2446?holidayId=58503135,66,30.0,60.0,130.0,180.0,120.0,170.0,734.31,4.2,418
austria,mayrhofen,hotel-obermair,601.0,600.0,630.0,600.0,52,8,27,17,43,75,15,133,https://www.igluski.com/ski-resorts/austria/mayrhofen/hotel-obermair_1829?holidayId=58408829,60,0.0,60.0,5.0,80.0,2.0,99.0,739.23,4.4,205
bulgaria,borovets,hotel-lion-borovets,603.0,1200.0,1390.0,58.0,18,1,4,13,1,13,1,15,https://www.igluski.com/ski-resorts/bulgaria/borovets/hotel-lion-borovets_20502?holidayId=58429096,314,0.0,0.0,160.0,200.0,194.0,246.0,741.6899999999999,4.4,"1,791"
andorra,arinsal,hotel-xalet-verdu,606.0,300.0,1550.0,63.0,30,2,11,13,22,16,4,42,https://www.igluski.com/ski-resorts/andorra/arinsal/hotel-xalet-verdu_1602?holidayId=58515499,104,30.0,60.0,130.0,180.0,120.0,170.0,745.38,4.3,931
andorra,arinsal,hotel-patagonia,632.0,100.0,1550.0,63.0,30,2,11,13,22,16,4,42,https://www.igluski.com/ski-resorts/andorra/arinsal/hotel-patagonia_7184?holidayId=58452151,160,30.0,60.0,130.0,180.0,120.0,170.0,777.36,4.3,516
andorra,arinsal,hotel-palarine,635.0,1000.0,1550.0,63.0,30,2,11,13,22,16,4,42,https://www.igluski.com/ski-resorts/andorra/arinsal/hotel-palarine_4470?holidayId=58524575,72,30.0,60.0,130.0,180.0,120.0,170.0,781.05,4.3,196
italy,canazei,hotel-cesa-rotic,642.0,500.0,1460.0,120.0,58,9,28,21,30,41,3,74,https://www.igluski.com/ski-resorts/italy/canazei/hotel-cesa-rotic_32288?holidayId=58453515,24,50.0,160.0,50.0,120.0,50.0,120.0,789.66,4.6,103
andorra,arinsal,hotel-montane,658.0,40.0,1550.0,63.0,30,2,11,13,22,16,4,42,https://www.igluski.com/ski-resorts/andorra/arinsal/hotel-montane_6327?holidayId=58468586,54,30.0,60.0,130.0,180.0,120.0,170.0,809.34,4.1,274
italy,courmayeur,hotel-dei-camosci,662.0,,1224.0,100.0,16,5,8,3,6,12,4,22,https://www.igluski.com/ski-resorts/italy/courmayeur/hotel-dei-camosci_3592?holidayId=58507295,50,40.0,100.0,40.0,100.0,41.0,117.0,814.26,4.4,241
austria,alpbach,pension-furstenhof,662.0,,1000.0,145.0,47,7,8,31,24,34,11,69,https://www.igluski.com/ski-resorts/austria/alpbach/pension-furstenhof_1267?holidayId=58495260,24,0.0,0.0,50.0,106.0,48.0,114.0,814.26,4.6,33
bulgaria,bansko,hotel-tanne,677.0,600.0,935.0,70.0,24,1,7,16,5,8,1,14,https://www.igluski.com/ski-resorts/bulgaria/bansko/hotel-tanne_22712?holidayId=58470269,70,0.0,70.0,5.0,75.0,5.0,77.0,832.71,4.5,373
bulgaria,bansko,hotel-strazhite,677.0,300.0,935.0,70.0,24,1,7,16,5,8,1,14,https://www.igluski.com/ski-resorts/bulgaria/bansko/hotel-strazhite_18508?holidayId=58467406,304,0.0,70.0,5.0,75.0,5.0,77.0,832.71,4.0,292
italy,selva-val-gardena,garni-romantica,681.0,720.0,1563.0,175.0,81,9,41,31,32,23,4,59,https://www.igluski.com/ski-resorts/italy/selva-val-gardena/garni-romantica_40758?holidayId=58515303,100,72.0,165.0,50.0,150.0,49.0,149.0,837.63,4.6,33
andorra,pas-de-la-casa,hotel-de-les-pistes,689.0,,2050.0,193.0,63,4,28,26,40,37,23,100,https://www.igluski.com/ski-resorts/andorra/pas-de-la-casa/hotel-de-les-pistes_30905?holidayId=58467988,48,15.0,40.0,80.0,165.0,52.0,140.0,847.47,3.8,53
italy,sauze-d-oulx,hotel-clotes,692.0,100.0,1503.0,400.0,89,0,35,54,31,97,32,160,https://www.igluski.com/ski-resorts/italy/sauze-d-oulx/hotel-clotes_36709?holidayId=58504633,,150.0,220.0,35.0,300.0,96.0,280.0,851.16,4.2,32
italy,passo-tonale,hotel-cielo-blu,694.0,,1883.0,100.0,30,3,19,8,11,15,4,30,https://www.igluski.com/ski-resorts/italy/passo-tonale/hotel-cielo-blu_4187?holidayId=58546106,58,30.0,400.0,30.0,400.0,30.0,400.0,853.62,4.1,82
italy,courmayeur,hotel-del-viale,695.0,,1224.0,100.0,16,5,8,3,6,12,4,22,https://www.igluski.com/ski-resorts/italy/courmayeur/hotel-del-viale_1079?holidayId=58493357,46,40.0,100.0,40.0,100.0,41.0,117.0,854.85,4.0,212
italy,sauze-d-oulx,hotel-martin,695.0,,1503.0,400.0,89,0,35,54,31,97,32,160,https://www.igluski.com/ski-resorts/italy/sauze-d-oulx/hotel-martin_4856?holidayId=58509432,35,150.0,220.0,35.0,300.0,96.0,280.0,854.85,4.5,14
bulgaria,bansko,st-ivan-rilski-hotel-spa--apartments,698.0,1200.0,935.0,70.0,24,1,7,16,5,8,1,14,https://www.igluski.com/ski-resorts/bulgaria/bansko/st-ivan-rilski-hotel-spa--apartments_27205?holidayId=58470151,,0.0,70.0,5.0,75.0,5.0,77.0,858.54,4.4,"1,515"
italy,la-thuile,hotel-du-glacier,700.0,750.0,1441.0,150.0,36,1,16,19,13,14,6,33,https://www.igluski.com/ski-resorts/italy/la-thuile/hotel-du-glacier_3779?holidayId=58400411,38,15.0,90.0,190.0,225.0,174.0,263.0,861.0,4.7,120
andorra,pas-de-la-casa,hotel-grand-pas,701.0,,2050.0,193.0,63,4,28,26,40,37,23,100,https://www.igluski.com/ski-resorts/andorra/pas-de-la-casa/hotel-grand-pas_39187?holidayId=58449666,,15.0,40.0,80.0,165.0,52.0,140.0,862.23,4.0,102
austria,rauris,hotel-wieshof,701.0,150.0,950.0,25.0,10,2,1,5,7,3,1,11,https://www.igluski.com/ski-resorts/austria/rauris/hotel-wieshof_39268?holidayId=58376742,42,0.0,0.0,61.0,151.0,58.0,163.0,862.23,4.5,54
andorra,pas-de-la-casa,hotel-meta,702.0,500.0,2050.0,193.0,63,4,28,26,40,37,23,100,https://www.igluski.com/ski-resorts/andorra/pas-de-la-casa/hotel-meta_39572?holidayId=58386839,,15.0,40.0,80.0,165.0,52.0,140.0,863.46,4.6,82
austria,bad-hofgastein,apartments-aurora,704.0,,870.0,208.0,49,11,19,18,16,38,6,60,https://www.igluski.com/ski-resorts/austria/bad-hofgastein/apartments-aurora_38020?holidayId=58540374,,0.0,100.0,48.0,155.0,45.0,176.0,865.92,4.3,25
italy,bardonecchia,hotel-ca-fiore,712.0,,1312.0,140.0,23,0,9,14,17,24,1,42,https://www.igluski.com/ski-resorts/italy/bardonecchia/hotel-ca-fiore_22811?holidayId=58518566,74,70.0,170.0,60.0,200.0,47.0,177.0,875.76,4.4,133
austria,niederau-oberau,enzian-guesthouse,718.0,,826.0,48.0,47,7,8,31,24,34,11,69,https://www.igluski.com/ski-resorts/austria/niederau-oberau/enzian-guesthouse_30864?holidayId=58315218,32,0.0,0.0,50.0,106.0,48.0,114.0,883.14,4.6,39
france,chamonix,hotel-richemond,721.0,400.0,1035.0,762.0,64,13,18,32,51,190,21,262,https://www.igluski.com/ski-resorts/france/chamonix/hotel-richemond_31178?holidayId=58540958,3,0.0,0.0,0.0,130.0,0.0,130.0,886.83,4.3,203
andorra,pas-de-la-casa,hotel-cubil,724.0,150.0,2050.0,193.0,63,4,28,26,40,37,23,100,https://www.igluski.com/ski-resorts/andorra/pas-de-la-casa/hotel-cubil_34906?holidayId=58479549,,15.0,40.0,80.0,165.0,52.0,140.0,890.52,4.1,12
italy,val-di-fassa,hotel-regina-e-fassa-mazzin,729.0,600.0,1460.0,120.0,58,9,28,21,30,41,3,74,https://www.igluski.com/ski-resorts/italy/val-di-fassa/hotel-regina-e-fassa-mazzin_40698?holidayId=58464997,100,50.0,160.0,50.0,120.0,50.0,120.0,896.67,3.5,455
finland,yllas,hotel-akashotelli,731.0,,719.0,0.0,29,1,1,0,33,24,6,63,https://www.igluski.com/ski-resorts/finland/yllas/hotel-akashotelli_27545?holidayId=58346772,55,40.0,65.0,85.0,85.0,85.0,85.0,899.13,4.1,898
italy,passo-tonale,hotel-locanda-locatori,731.0,700.0,1883.0,100.0,30,3,19,8,11,15,4,30,https://www.igluski.com/ski-resorts/italy/passo-tonale/hotel-locanda-locatori_32292?holidayId=58447281,72,30.0,400.0,30.0,400.0,30.0,400.0,899.13,3.9,146
italy,passo-tonale,hotel-orchidea,734.0,,1883.0,100.0,30,3,19,8,11,15,4,30,https://www.igluski.com/ski-resorts/italy/passo-tonale/hotel-orchidea_3604?holidayId=58479330,54,30.0,400.0,30.0,400.0,30.0,400.0,902.8199999999999,4.3,138
austria,soll,guesthouse-erhart,734.0,,703.0,250.0,94,11,38,44,63,57,8,128,https://www.igluski.com/ski-resorts/austria/soll/guesthouse-erhart_18917?holidayId=58354436,12,0.0,25.0,33.0,76.0,48.0,85.0,902.8199999999999,3.8,4
austria,kaprun,pension-elisabeth,735.0,,775.0,132.0,56,12,17,27,31,19,9,59,https://www.igluski.com/ski-resorts/austria/kaprun/pension-elisabeth_38119?holidayId=58419520,,0.0,130.0,33.0,188.0,39.0,235.0,904.05,4.8,31
finland,pyha,pyha-suites,737.0,,280.0,80.0,9,0,0,0,8,4,2,14,https://www.igluski.com/ski-resorts/finland/pyha/pyha-suites_26103?holidayId=58529063,4,40.0,50.0,60.0,70.0,64.0,74.0,906.51,4.3,24
austria,mayrhofen,pension-valentina,740.0,100.0,630.0,600.0,52,8,27,17,43,75,15,133,https://www.igluski.com/ski-resorts/austria/mayrhofen/pension-valentina_36850?holidayId=58420555,,0.0,60.0,5.0,80.0,2.0,99.0,910.1999999999999,3.8,13
austria,soll,hotel-garni-sonnenhof,744.0,,703.0,250.0,94,11,38,44,63,57,8,128,https://www.igluski.com/ski-resorts/austria/soll/hotel-garni-sonnenhof_1346?holidayId=58340113,24,0.0,25.0,33.0,76.0,48.0,85.0,915.12,5.0,37
italy,pila,hotel-plan-bois,746.0,100.0,1800.0,70.0,12,2,9,1,5,22,3,30,https://www.igluski.com/ski-resorts/italy/pila/hotel-plan-bois_32327?holidayId=58530208,62,65.0,150.0,65.0,150.0,65.0,150.0,917.58,4.0,136
italy,passo-tonale,hotel-savoia,748.0,,1883.0,100.0,30,3,19,8,11,15,4,30,https://www.igluski.com/ski-resorts/italy/passo-tonale/hotel-savoia_3436?holidayId=58448193,,30.0,400.0,30.0,400.0,30.0,400.0,920.04,4.1,31
italy,madonna-di-campiglio,italo-hotel,748.0,,1550.0,150.0,47,9,29,9,21,13,4,38,https://www.igluski.com/ski-resorts/italy/madonna-di-campiglio/italo-hotel_27661?holidayId=58459422,56,79.0,187.0,60.0,160.0,60.0,149.0,920.04,4.4,150
italy,sauze-d-oulx,hotel-la-torre,751.0,300.0,1503.0,400.0,89,0,35,54,31,97,32,160,https://www.igluski.com/ski-resorts/italy/sauze-d-oulx/hotel-la-torre_3585?holidayId=58531117,228,150.0,220.0,35.0,300.0,96.0,280.0,923.73,3.9,218
andorra,soldeu,hotel-euroski,752.0,500.0,1800.0,210.0,67,4,32,26,63,38,22,123,https://www.igluski.com/ski-resorts/andorra/soldeu/hotel-euroski_32498?holidayId=58468256,298,,,,,,,924.96,3.9,552
andorra,soldeu,soldeu-maistre,754.0,150.0,1800.0,210.0,67,4,32,26,63,38,22,123,https://www.igluski.com/ski-resorts/andorra/soldeu/soldeu-maistre_18981?holidayId=58306591,94,,,,,,,927.42,4.3,236
austria,kaprun,pension-austria,754.0,,775.0,132.0,56,12,17,27,31,19,9,59,https://www.igluski.com/ski-resorts/austria/kaprun/pension-austria_38103?holidayId=58476229,50,0.0,130.0,33.0,188.0,39.0,235.0,927.42,4.6,35
bulgaria,bansko,boutique-hotel-amira,755.0,300.0,935.0,70.0,24,1,7,16,5,8,1,14,https://www.igluski.com/ski-resorts/bulgaria/bansko/boutique-hotel-amira_39168?holidayId=58544648,,0.0,70.0,5.0,75.0,5.0,77.0,928.65,4.8,481
france,serre-chevalier,hotel-vauban,757.0,200.0,1350.0,250.0,74,9,19,46,53,43,15,111,https://www.igluski.com/ski-resorts/france/serre-chevalier/hotel-vauban_36911?holidayId=58481580,,0.0,200.0,75.0,250.0,43.0,231.0,931.11,4.0,376
bulgaria,pamporovo,hotel-perelik,758.0,,1650.0,18.0,19,0,6,13,5,5,4,14,https://www.igluski.com/ski-resorts/bulgaria/pamporovo/hotel-perelik_2703?holidayId=58417429,424,0.0,0.0,60.0,85.0,166.0,170.0,932.34,4.4,857
austria,kaprun,pension-bergheil,758.0,,775.0,132.0,56,12,17,27,31,19,9,59,https://www.igluski.com/ski-resorts/austria/kaprun/pension-bergheil_38098?holidayId=58505745,,0.0,130.0,33.0,188.0,39.0,235.0,932.34,4.7,39
finland,levi,hotel-sirkantahti,758.0,,200.0,44.0,27,2,2,14,19,22,2,43,https://www.igluski.com/ski-resorts/finland/levi/hotel-sirkantahti_39150?holidayId=58303783,,35.0,45.0,65.0,75.0,90.0,115.0,932.34,4.1,648
italy,canazei,hotel-villa-emma,758.0,900.0,1460.0,120.0,58,9,28,21,30,41,3,74,https://www.igluski.com/ski-resorts/italy/canazei/hotel-villa-emma_36728?holidayId=58545422,,50.0,160.0,50.0,120.0,50.0,120.0,932.34,3.6,274
austria,niederau-oberau,hotel-austria,761.0,,826.0,48.0,47,7,8,31,24,34,11,69,https://www.igluski.com/ski-resorts/austria/niederau-oberau/hotel-austria_2108?holidayId=58466656,94,0.0,0.0,50.0,106.0,48.0,114.0,936.03,3.8,227
italy,passo-tonale,hotel-piandineve,761.0,,1883.0,100.0,30,3,19,8,11,15,4,30,https://www.igluski.com/ski-resorts/italy/passo-tonale/hotel-piandineve_5313?holidayId=58521441,282,30.0,400.0,30.0,400.0,30.0,400.0,936.03,3.9,455
italy,pila,hotel-chacaril,765.0,,1800.0,70.0,12,2,9,1,5,22,3,30,https://www.igluski.com/ski-resorts/italy/pila/hotel-chacaril_313?holidayId=58512710,50,65.0,150.0,65.0,150.0,65.0,150.0,940.9499999999999,4.6,156
italy,madonna-di-campiglio,hotel-cristiania,768.0,,1550.0,150.0,47,9,29,9,21,13,4,38,https://www.igluski.com/ski-resorts/italy/madonna-di-campiglio/hotel-cristiania_27662?holidayId=58543318,76,79.0,187.0,60.0,160.0,60.0,149.0,944.64,4.5,"1,958"
andorra,pas-de-la-casa,hotel-catalunya,768.0,,2050.0,193.0,63,4,28,26,40,37,23,100,https://www.igluski.com/ski-resorts/andorra/pas-de-la-casa/hotel-catalunya_36701?holidayId=58538398,,15.0,40.0,80.0,165.0,52.0,140.0,944.64,4.1,108
austria,zell-am-see,hotel-seehof,771.0,,758.0,136.0,55,13,18,24,31,19,9,59,https://www.igluski.com/ski-resorts/austria/zell-am-see/hotel-seehof_38141?holidayId=58429927,,0.0,58.0,43.0,147.0,46.0,150.0,948.33,4.3,341
finland,ruka,hotel-rukahovi,771.0,,291.0,24.0,26,0,5,0,16,14,4,34,https://www.igluski.com/ski-resorts/finland/ruka/hotel-rukahovi_19936?holidayId=58444184,326,24.0,40.0,80.0,80.0,86.0,86.0,948.33,4.1,883
andorra,soldeu,hotel-galanthus,772.0,,1800.0,210.0,67,4,32,26,63,38,22,123,https://www.igluski.com/ski-resorts/andorra/soldeu/hotel-galanthus_27271?holidayId=58834847,,,,,,,,949.56,4.2,576
france,chamonix,la-folie-douce-hotel,773.0,200.0,1035.0,762.0,64,13,18,32,51,190,21,262,https://www.igluski.com/ski-resorts/france/chamonix/la-folie-douce-hotel_36783?holidayId=58886508,,0.0,0.0,0.0,130.0,0.0,130.0,950.79,4.2,"1,781"
italy,sauze-d-oulx,hotel-gran-baita,774.0,,1503.0,400.0,89,0,35,54,31,97,32,160,https://www.igluski.com/ski-resorts/italy/sauze-d-oulx/hotel-gran-baita_2538?holidayId=58517038,72,150.0,220.0,35.0,300.0,96.0,280.0,952.02,4.6,111
italy,sauze-d-oulx,hotel-sauze,774.0,,1503.0,400.0,89,0,35,54,31,97,32,160,https://www.igluski.com/ski-resorts/italy/sauze-d-oulx/hotel-sauze_3413?holidayId=58486592,62,150.0,220.0,35.0,300.0,96.0,280.0,952.02,4.1,64
italy,pila,hotel-etoile-de-neige,776.0,,1800.0,70.0,12,2,9,1,5,22,3,30,https://www.igluski.com/ski-resorts/italy/pila/hotel-etoile-de-neige_427?holidayId=58321260,100,65.0,150.0,65.0,150.0,65.0,150.0,954.48,4.3,137
austria,rauris,hotel-kristall,778.0,,950.0,25.0,10,2,1,5,7,3,1,11,https://www.igluski.com/ski-resorts/austria/rauris/hotel-kristall_6417?holidayId=58414090,130,0.0,0.0,61.0,151.0,58.0,163.0,956.9399999999999,3.9,175
italy,sestriere,hotel-savoy-edelweiss,778.0,,2035.0,400.0,94,5,35,54,43,73,30,146,https://www.igluski.com/ski-resorts/italy/sestriere/hotel-savoy-edelweiss_3844?holidayId=58542754,60,150.0,220.0,35.0,300.0,96.0,280.0,956.9399999999999,4.3,64
austria,kitzbuhel,hotel-bruggerhof,783.0,2000.0,760.0,185.0,61,11,27,15,29,27,11,67,https://www.igluski.com/ski-resorts/austria/kitzbuhel/hotel-bruggerhof_1265?holidayId=58492698,56,,,,,,,963.09,4.2,122
italy,folgarida,park-hotel,783.0,,1300.0,50.0,25,5,15,5,18,8,4,30,https://www.igluski.com/ski-resorts/italy/folgarida/park-hotel_30823?holidayId=58492837,240,,,,,,,963.09,4.0,699
france,serre-chevalier,residence-aquisana,785.0,500.0,1350.0,250.0,74,9,19,46,53,43,15,111,https://www.igluski.com/ski-resorts/france/serre-chevalier/residence-aquisana_36473?holidayId=58318763,100,0.0,200.0,75.0,250.0,43.0,231.0,965.55,4.1,205
finland,yllas,yllas-saaga-spa-hotel,785.0,,719.0,0.0,29,1,1,0,33,24,6,63,https://www.igluski.com/ski-resorts/finland/yllas/yllas-saaga-spa-hotel_26009?holidayId=58283788,168,40.0,65.0,85.0,85.0,85.0,85.0,965.55,4.3,826
italy,campitello,hotel-grohmann,789.0,300.0,1448.0,17.0,9,2,5,2,3,4,1,8,https://www.igluski.com/ski-resorts/italy/campitello/hotel-grohmann_6951?holidayId=58509880,120,,,,,,,970.47,4.2,191
italy,sauze-d-oulx,hotel-splendid,791.0,500.0,1503.0,400.0,89,0,35,54,31,97,32,160,https://www.igluski.com/ski-resorts/italy/sauze-d-oulx/hotel-splendid_3412?holidayId=58519128,72,150.0,220.0,35.0,300.0,96.0,280.0,972.93,4.4,94
italy,sauze-d-oulx,hotel-k2,791.0,200.0,1503.0,400.0,89,0,35,54,31,97,32,160,https://www.igluski.com/ski-resorts/italy/sauze-d-oulx/hotel-k2_36708?holidayId=58541614,,150.0,220.0,35.0,300.0,96.0,280.0,972.93,4.5,231
austria,niederau-oberau,hotel-simmerlwirt,795.0,,826.0,48.0,47,7,8,31,24,34,11,69,https://www.igluski.com/ski-resorts/austria/niederau-oberau/hotel-simmerlwirt_37903?holidayId=58521822,,0.0,0.0,50.0,106.0,48.0,114.0,977.85,4.3,281
italy,val-di-fassa,hotel-arnika,801.0,480.0,1460.0,120.0,58,9,28,21,30,41,3,74,https://www.igluski.com/ski-resorts/italy/val-di-fassa/hotel-arnika_40759?holidayId=58503222,150,50.0,160.0,50.0,120.0,50.0,120.0,985.23,4.2,288
italy,val-di-fassa,hotel-sas-morin,801.0,,1460.0,120.0,58,9,28,21,30,41,3,74,https://www.igluski.com/ski-resorts/italy/val-di-fassa/hotel-sas-morin_20887?holidayId=58521459,50,50.0,160.0,50.0,120.0,50.0,120.0,985.23,4.5,153
france,brides-les-bains,hotel-vanoise,804.0,,600.0,600.0,198,43,68,87,46,209,35,290,https://www.igluski.com/ski-resorts/france/brides-les-bains/hotel-vanoise_7419?holidayId=58487140,,98.0,121.0,215.0,267.0,207.0,269.0,988.92,4.4,35
andorra,pas-de-la-casa,hotel-camellot,804.0,200.0,2050.0,193.0,63,4,28,26,40,37,23,100,https://www.igluski.com/ski-resorts/andorra/pas-de-la-casa/hotel-camellot_36843?holidayId=58394657,,15.0,40.0,80.0,165.0,52.0,140.0,988.92,3.9,199
austria,niederau-oberau,hotel-harfenwirt,806.0,150.0,826.0,48.0,47,7,8,31,24,34,11,69,https://www.igluski.com/ski-resorts/austria/niederau-oberau/hotel-harfenwirt_2112?holidayId=58463596,176,0.0,0.0,50.0,106.0,48.0,114.0,991.38,3.8,295
italy,cervinia,hotel-furggen,812.0,,2050.0,350.0,56,21,21,12,30,75,26,131,https://www.igluski.com/ski-resorts/italy/cervinia/hotel-furggen_1748?holidayId=58520223,70,27.0,106.0,64.0,147.0,55.0,208.0,998.76,4.5,127
andorra,pas-de-la-casa,hotel-guineu,814.0,,2050.0,193.0,63,4,28,26,40,37,23,100,https://www.igluski.com/ski-resorts/andorra/pas-de-la-casa/hotel-guineu_38972?holidayId=58518094,,15.0,40.0,80.0,165.0,52.0,140.0,1001.22,4.1,102
austria,mayrhofen,hotel-strolz,815.0,800.0,630.0,600.0,52,8,27,17,43,75,15,133,https://www.igluski.com/ski-resorts/austria/mayrhofen/hotel-strolz_1392?holidayId=58541910,90,0.0,60.0,5.0,80.0,2.0,99.0,1002.4499999999999,4.2,130
italy,pila,hotel-lion-noir,818.0,,1800.0,70.0,12,2,9,1,5,22,3,30,https://www.igluski.com/ski-resorts/italy/pila/hotel-lion-noir_6346?holidayId=58440648,,65.0,150.0,65.0,150.0,65.0,150.0,1006.14,4.4,95
austria,st-johann-in-tirol,hotel-fischer,819.0,,700.0,60.0,17,3,4,10,4,23,2,29,https://www.igluski.com/ski-resorts/austria/st-johann-in-tirol/hotel-fischer_1100?holidayId=59106929,70,0.0,0.0,40.0,96.0,44.0,97.0,1007.37,4.6,155
france,brides-les-bains,hotel-amelie,819.0,,600.0,600.0,198,43,68,87,46,209,35,290,https://www.igluski.com/ski-resorts/france/brides-les-bains/hotel-amelie_2115?holidayId=58513914,58,98.0,121.0,215.0,267.0,207.0,269.0,1007.37,4.3,100
italy,sauze-d-oulx,hotel-relais-des-alpes,819.0,300.0,1503.0,400.0,89,0,35,54,31,97,32,160,https://www.igluski.com/ski-resorts/italy/sauze-d-oulx/hotel-relais-des-alpes_41547?holidayId=58486557,180,150.0,220.0,35.0,300.0,96.0,280.0,1007.37,4.0,160
italy,courmayeur,hotel-centrale,820.0,,1224.0,100.0,16,5,8,3,6,12,4,22,https://www.igluski.com/ski-resorts/italy/courmayeur/hotel-centrale_32211?holidayId=58451718,,40.0,100.0,40.0,100.0,41.0,117.0,1008.6,3.6,88
italy,canazei,al-sole-hotel--residence,821.0,360.0,1460.0,120.0,58,9,28,21,30,41,3,74,https://www.igluski.com/ski-resorts/italy/canazei/al-sole-hotel--residence_42108?holidayId=58540635,100,50.0,160.0,50.0,120.0,50.0,120.0,1009.83,4.3,263
italy,passo-tonale,hotel-adamello,826.0,,1883.0,100.0,30,3,19,8,11,15,4,30,https://www.igluski.com/ski-resorts/italy/passo-tonale/hotel-adamello_15406?holidayId=58538340,86,30.0,400.0,30.0,400.0,30.0,400.0,1015.98,4.4,185
austria,niederau-oberau,hotel-hannes,827.0,300.0,826.0,48.0,47,7,8,31,24,34,11,69,https://www.igluski.com/ski-resorts/austria/niederau-oberau/hotel-hannes_6937?holidayId=58500617,,0.0,0.0,50.0,106.0,48.0,114.0,1017.21,4.6,82
austria,st-johann-in-tirol,hotel-park,829.0,,700.0,60.0,17,3,4,10,4,23,2,29,https://www.igluski.com/ski-resorts/austria/st-johann-in-tirol/hotel-park_1300?holidayId=58520945,100,0.0,0.0,40.0,96.0,44.0,97.0,1019.67,4.6,173
italy,canazei,hotel-il-caminetto,832.0,1000.0,1460.0,120.0,58,9,28,21,30,41,3,74,https://www.igluski.com/ski-resorts/italy/canazei/hotel-il-caminetto_32382?holidayId=58498271,,50.0,160.0,50.0,120.0,50.0,120.0,1023.36,4.0,397
italy,bardonecchia,hotel-rive,832.0,200.0,1312.0,140.0,23,0,9,14,17,24,1,42,https://www.igluski.com/ski-resorts/italy/bardonecchia/hotel-rive_20497?holidayId=58476448,150,70.0,170.0,60.0,200.0,47.0,177.0,1023.36,4.2,262
austria,niederau-oberau,hotel-sonnschein,834.0,1000.0,826.0,48.0,47,7,8,31,24,34,11,69,https://www.igluski.com/ski-resorts/austria/niederau-oberau/hotel-sonnschein_2109?holidayId=58532836,284,0.0,0.0,50.0,106.0,48.0,114.0,1025.82,4.2,333
italy,selva-val-gardena,hotel-alpino-plan,834.0,,1563.0,175.0,81,9,41,31,32,23,4,59,https://www.igluski.com/ski-resorts/italy/selva-val-gardena/hotel-alpino-plan_3627?holidayId=58495641,70,72.0,165.0,50.0,150.0,49.0,149.0,1025.82,4.3,132
italy,sauze-d-oulx,hotel-biancaneve,838.0,,1503.0,400.0,89,0,35,54,31,97,32,160,https://www.igluski.com/ski-resorts/italy/sauze-d-oulx/hotel-biancaneve_2539?holidayId=58410858,32,150.0,220.0,35.0,300.0,96.0,280.0,1030.74,4.7,60
italy,passo-tonale,hotel-paradiso,839.0,,1883.0,100.0,30,3,19,8,11,15,4,30,https://www.igluski.com/ski-resorts/italy/passo-tonale/hotel-paradiso_18878?holidayId=59385013,240,30.0,400.0,30.0,400.0,30.0,400.0,1031.97,4.1,189
andorra,pas-de-la-casa,magic-hotel,839.0,200.0,2050.0,193.0,63,4,28,26,40,37,23,100,https://www.igluski.com/ski-resorts/andorra/pas-de-la-casa/magic-hotel_19624?holidayId=58528496,194,15.0,40.0,80.0,165.0,52.0,140.0,1031.97,4.1,370
italy,cervinia,hotel-mon-reve,840.0,,2050.0,350.0,56,21,21,12,30,75,26,131,https://www.igluski.com/ski-resorts/italy/cervinia/hotel-mon-reve_30843?holidayId=58478297,50,27.0,106.0,64.0,147.0,55.0,208.0,1033.2,4.6,138
austria,schladming,hotel-kirchenwirt,843.0,,745.0,175.0,93,8,23,62,22,44,8,74,https://www.igluski.com/ski-resorts/austria/schladming/hotel-kirchenwirt_6330?holidayId=58505672,30,0.0,50.0,70.0,110.0,67.0,118.0,1036.8899999999999,4.1,365
austria,bad-gastein,hotel-alpenblick,847.0,500.0,1080.0,250.0,49,11,19,18,16,38,6,60,https://www.igluski.com/ski-resorts/austria/bad-gastein/hotel-alpenblick_32401?holidayId=58539653,76,0.0,100.0,48.0,155.0,45.0,176.0,1041.81,4.7,268
finland,saariselka,tunturi-hotel-suites,849.0,,180.0,20.0,5,0,1,4,3,7,2,12,https://www.igluski.com/ski-resorts/finland/saariselka/tunturi-hotel-suites_34984?holidayId=51746245,,,,,,,,1044.27,4.1,861
austria,alpbach,hotel-alphof,852.0,,1000.0,145.0,47,7,8,31,24,34,11,69,https://www.igluski.com/ski-resorts/austria/alpbach/hotel-alphof_37880?holidayId=58486558,,0.0,0.0,50.0,106.0,48.0,114.0,1047.96,4.5,548
italy,sestriere,hotel-gran-roc,852.0,1000.0,2035.0,400.0,94,5,35,54,43,73,30,146,https://www.igluski.com/ski-resorts/italy/sestriere/hotel-gran-roc_39152?holidayId=58476396,,150.0,220.0,35.0,300.0,96.0,280.0,1047.96,4.2,43
italy,passo-tonale,delle-alpi-hotel,854.0,,1883.0,100.0,30,3,19,8,11,15,4,30,https://www.igluski.com/ski-resorts/italy/passo-tonale/delle-alpi-hotel_4102?holidayId=58387390,70,30.0,400.0,30.0,400.0,30.0,400.0,1050.42,4.0,398
austria,mayrhofen,alpin-hotel-garni-eder,855.0,300.0,630.0,600.0,52,8,27,17,43,75,15,133,https://www.igluski.com/ski-resorts/austria/mayrhofen/alpin-hotel-garni-eder_32262?holidayId=58518413,,0.0,60.0,5.0,80.0,2.0,99.0,1051.65,5.0,48
austria,zell-am-see,seehotel--seevilla-freiberg,855.0,,758.0,136.0,55,13,18,24,31,19,9,59,https://www.igluski.com/ski-resorts/austria/zell-am-see/seehotel--seevilla-freiberg_1325?holidayId=58488847,80,0.0,58.0,43.0,147.0,46.0,150.0,1051.65,4.1,607
italy,canazei,hotel-diana,855.0,,1460.0,120.0,58,9,28,21,30,41,3,74,https://www.igluski.com/ski-resorts/italy/canazei/hotel-diana_42103?holidayId=58525928,100,50.0,160.0,50.0,120.0,50.0,120.0,1051.65,4.1,71
austria,igls,bon-alpina-hotel,856.0,,870.0,12.0,8,1,3,4,2,3,0,5,https://www.igluski.com/ski-resorts/austria/igls/bon-alpina-hotel_3378?holidayId=58332813,194,0.0,0.0,45.0,106.0,49.0,124.0,1052.8799999999999,4.3,"1,039"
austria,alpbach,haus-andreas--rostall,856.0,,1000.0,145.0,47,7,8,31,24,34,11,69,https://www.igluski.com/ski-resorts/austria/alpbach/haus-andreas--rostall_37878?holidayId=58518855,,0.0,0.0,50.0,106.0,48.0,114.0,1052.8799999999999,4.5,103
andorra,pas-de-la-casa,font-d-argent,858.0,45.0,2050.0,193.0,63,4,28,26,40,37,23,100,https://www.igluski.com/ski-resorts/andorra/pas-de-la-casa/font-d-argent_7183?holidayId=58477146,150,15.0,40.0,80.0,165.0,52.0,140.0,1055.34,4.4,271
italy,pila,th-pila,858.0,200.0,1800.0,70.0,12,2,9,1,5,22,3,30,https://www.igluski.com/ski-resorts/italy/pila/th-pila_36919?holidayId=58484730,,65.0,150.0,65.0,150.0,65.0,150.0,1055.34,4.1,590
austria,zell-am-see,garden-hotel-daxer,861.0,,758.0,136.0,55,13,18,24,31,19,9,59,https://www.igluski.com/ski-resorts/austria/zell-am-see/garden-hotel-daxer_38131?holidayId=58448729,,0.0,58.0,43.0,147.0,46.0,150.0,1059.03,4.8,390
andorra,pas-de-la-casa,cristina-hotel,861.0,200.0,2050.0,193.0,63,4,28,26,40,37,23,100,https://www.igluski.com/ski-resorts/andorra/pas-de-la-casa/cristina-hotel_288?holidayId=58540236,100,15.0,40.0,80.0,165.0,52.0,140.0,1059.03,4.5,187
italy,passo-tonale,hotel-gardenia,861.0,,1883.0,100.0,30,3,19,8,11,15,4,30,https://www.igluski.com/ski-resorts/italy/passo-tonale/hotel-gardenia_3606?holidayId=58523785,112,30.0,400.0,30.0,400.0,30.0,400.0,1059.03,4.3,233
italy,kronplatz,hotel-marajei,867.0,,900.0,103.0,32,20,6,6,25,12,6,43,https://www.igluski.com/ski-resorts/italy/kronplatz/hotel-marajei_36744?holidayId=58490805,,60.0,120.0,60.0,130.0,60.0,132.0,1066.41,4.7,100
bulgaria,borovets,hotel-rila,869.0,25.0,1390.0,58.0,18,1,4,13,1,13,1,15,https://www.igluski.com/ski-resorts/bulgaria/borovets/hotel-rila_1060?holidayId=58515864,1200,0.0,0.0,160.0,200.0,194.0,246.0,1068.87,4.5,"5,952"
italy,la-thuile,hotel-planibel,873.0,5.0,1441.0,150.0,36,1,16,19,13,14,6,33,https://www.igluski.com/ski-resorts/italy/la-thuile/hotel-planibel_500?holidayId=58512782,762,15.0,90.0,190.0,225.0,174.0,263.0,1073.79,3.9,"1,579"
austria,bad-hofgastein,hotel-der-salzburger-hof,874.0,,870.0,208.0,49,11,19,18,16,38,6,60,https://www.igluski.com/ski-resorts/austria/bad-hofgastein/hotel-der-salzburger-hof_1255?holidayId=58542495,,0.0,100.0,48.0,155.0,45.0,176.0,1075.02,4.6,505
italy,selva-val-gardena,hotel-posta-al-cervo,874.0,800.0,1563.0,175.0,81,9,41,31,32,23,4,59,https://www.igluski.com/ski-resorts/italy/selva-val-gardena/hotel-posta-al-cervo_39293?holidayId=58453197,,72.0,165.0,50.0,150.0,49.0,149.0,1075.02,4.6,99
italy,canazei,hotel-dolomiti,878.0,500.0,1460.0,120.0,58,9,28,21,30,41,3,74,https://www.igluski.com/ski-resorts/italy/canazei/hotel-dolomiti_20969?holidayId=58515112,180,50.0,160.0,50.0,120.0,50.0,120.0,1079.94,4.1,497
italy,sauze-d-oulx,hotel-new-miravalle,879.0,,1503.0,400.0,89,0,35,54,31,97,32,160,https://www.igluski.com/ski-resorts/italy/sauze-d-oulx/hotel-new-miravalle_3792?holidayId=58534895,,150.0,220.0,35.0,300.0,96.0,280.0,1081.17,4.1,61
austria,zell-am-see,landhotel-martha,880.0,,758.0,136.0,55,13,18,24,31,19,9,59,https://www.igluski.com/ski-resorts/austria/zell-am-see/landhotel-martha_22321?holidayId=58500797,20,0.0,58.0,43.0,147.0,46.0,150.0,1082.4,4.4,154
finland,levi,hotel-levi-panorama,881.0,,200.0,44.0,27,2,2,14,19,22,2,43,https://www.igluski.com/ski-resorts/finland/levi/hotel-levi-panorama_36700?holidayId=58271288,340,35.0,45.0,65.0,75.0,90.0,115.0,1083.6299999999999,4.4,"1,220"
andorra,arinsal,hotel-princesa-parc,883.0,200.0,1550.0,63.0,30,2,11,13,22,16,4,42,https://www.igluski.com/ski-resorts/andorra/arinsal/hotel-princesa-parc_6213?holidayId=58394624,500,30.0,60.0,130.0,180.0,120.0,170.0,1086.09,4.2,"1,603"
france,morzine,hotel-igloo,886.0,,1000.0,650.0,206,14,82,110,153,127,28,308,https://www.igluski.com/ski-resorts/france/morzine/hotel-igloo_1544?holidayId=58520752,,10.0,50.0,40.0,190.0,23.0,156.0,1089.78,4.4,114
france,chatel,hotel-le-tremplin,888.0,300.0,1200.0,650.0,206,14,78,114,153,127,28,308,https://www.igluski.com/ski-resorts/france/chatel/hotel-le-tremplin_40615?holidayId=58452973,70,10.0,50.0,40.0,190.0,23.0,156.0,1092.24,4.1,62
austria,soll,hotel-feldwebel,890.0,,703.0,250.0,94,11,38,44,63,57,8,128,https://www.igluski.com/ski-resorts/austria/soll/hotel-feldwebel_4140?holidayId=58496403,64,0.0,25.0,33.0,76.0,48.0,85.0,1094.7,4.3,210
italy,sestriere,hotel-du-col,891.0,,2035.0,400.0,94,5,35,54,43,73,30,146,https://www.igluski.com/ski-resorts/italy/sestriere/hotel-du-col_3797?holidayId=58453243,140,150.0,220.0,35.0,300.0,96.0,280.0,1095.93,4.6,94
italy,gressoney,hotel-scoiattolo,891.0,,1637.0,150.0,13,3,5,5,7,20,5,32,https://www.igluski.com/ski-resorts/italy/gressoney/hotel-scoiattolo_1793?holidayId=58520980,30,10.0,110.0,30.0,120.0,30.0,120.0,1095.93,4.7,256
austria,soll,hotel-modlinger,893.0,1000.0,703.0,250.0,94,11,38,44,63,57,8,128,https://www.igluski.com/ski-resorts/austria/soll/hotel-modlinger_1982?holidayId=58519006,72,0.0,25.0,33.0,76.0,48.0,85.0,1098.3899999999999,4.0,35
italy,campitello,hotel-christine,893.0,600.0,1448.0,17.0,9,2,5,2,3,4,1,8,https://www.igluski.com/ski-resorts/italy/campitello/hotel-christine_42104?holidayId=58448941,50,,,,,,,1098.3899999999999,4.6,82
austria,mayrhofen,der-siegeler,897.0,950.0,630.0,600.0,52,8,27,17,43,75,15,133,https://www.igluski.com/ski-resorts/austria/mayrhofen/der-siegeler_36810?holidayId=58537496,80,0.0,60.0,5.0,80.0,2.0,99.0,1103.31,4.6,141
italy,folgarida,hotel-caminetto,897.0,100.0,1300.0,50.0,25,5,15,5,18,8,4,30,https://www.igluski.com/ski-resorts/italy/folgarida/hotel-caminetto_32172?holidayId=58502083,72,,,,,,,1103.31,4.5,262
france,alpe-d-huez,hotel-le-chaix,897.0,200.0,1850.0,249.0,82,15,23,41,23,74,38,135,https://www.igluski.com/ski-resorts/france/alpe-d-huez/hotel-le-chaix_40716?holidayId=58536200,66,71.0,120.0,151.0,276.0,141.0,241.0,1103.31,3.9,117
finland,saariselka,holiday-club,899.0,500.0,180.0,20.0,5,0,1,4,3,7,2,12,https://www.igluski.com/ski-resorts/finland/saariselka/holiday-club_24309?holidayId=51633533,150,,,,,,,1105.77,4.0,"1,801"
finland,saariselka,tunturi-hotel,899.0,,180.0,20.0,5,0,1,4,3,7,2,12,https://www.igluski.com/ski-resorts/finland/saariselka/tunturi-hotel_24322?holidayId=51764215,,,,,,,,1105.77,4.1,861
italy,cervinia,hotel-compagnoni,901.0,,2050.0,350.0,56,21,21,12,30,75,26,131,https://www.igluski.com/ski-resorts/italy/cervinia/hotel-compagnoni_1699?holidayId=58493037,,27.0,106.0,64.0,147.0,55.0,208.0,1108.23,4.5,47
france,val-d-isere,hotel-le-kern,902.0,500.0,1850.0,300.0,89,10,45,34,83,46,25,154,https://www.igluski.com/ski-resorts/france/val-d-isere/hotel-le-kern_3737?holidayId=58426603,40,75.0,165.0,185.0,233.0,191.0,242.0,1109.46,4.4,25
andorra,soldeu,hotel-himalaia-soldeu,902.0,140.0,1800.0,210.0,67,4,32,26,63,38,22,123,https://www.igluski.com/ski-resorts/andorra/soldeu/hotel-himalaia-soldeu_6248?holidayId=58538293,212,,,,,,,1109.46,4.3,947
finland,yllas,yllaskaltio,904.0,,719.0,0.0,29,1,1,0,33,24,6,63,https://www.igluski.com/ski-resorts/finland/yllas/yllaskaltio_26954?holidayId=58522786,144,40.0,65.0,85.0,85.0,85.0,85.0,1111.92,3.7,217
italy,sestriere,grand-hotel-sestriere,905.0,300.0,2035.0,400.0,94,5,35,54,43,73,30,146,https://www.igluski.com/ski-resorts/italy/sestriere/grand-hotel-sestriere_3798?holidayId=58509120,208,150.0,220.0,35.0,300.0,96.0,280.0,1113.15,4.1,208
italy,selva-val-gardena,hotel-flora,905.0,500.0,1563.0,175.0,81,9,41,31,32,23,4,59,https://www.igluski.com/ski-resorts/italy/selva-val-gardena/hotel-flora_20963?holidayId=58411000,38,72.0,165.0,50.0,150.0,49.0,149.0,1113.15,4.5,96
austria,soll,hotel-fuchs,906.0,,703.0,250.0,94,11,38,44,63,57,8,128,https://www.igluski.com/ski-resorts/austria/soll/hotel-fuchs_19892?holidayId=58438138,130,0.0,25.0,33.0,76.0,48.0,85.0,1114.3799999999999,4.5,228
italy,passo-tonale,hotel-sport-vittoria,907.0,,1883.0,100.0,30,3,19,8,11,15,4,30,https://www.igluski.com/ski-resorts/italy/passo-tonale/hotel-sport-vittoria_3607?holidayId=58510939,144,30.0,400.0,30.0,400.0,30.0,400.0,1115.61,4.4,470
austria,st-johann-in-tirol,das-hotel--wirtshaus-post,917.0,,700.0,60.0,17,3,4,10,4,23,2,29,https://www.igluski.com/ski-resorts/austria/st-johann-in-tirol/das-hotel--wirtshaus-post_1297?holidayId=58537162,,0.0,0.0,40.0,96.0,44.0,97.0,1127.91,4.6,788
france,bourg-st-maurice,hotel-base-camp-lodge,918.0,,1600.0,425.0,171,15,62,94,20,195,27,242,https://www.igluski.com/ski-resorts/france/bourg-st-maurice/hotel-base-camp-lodge_42100?holidayId=58489490,120,,,,,,,1129.1399999999999,4.3,533
italy,selva-val-gardena,hotel-pineta,919.0,,1563.0,175.0,81,9,41,31,32,23,4,59,https://www.igluski.com/ski-resorts/italy/selva-val-gardena/hotel-pineta_3628?holidayId=58515300,,72.0,165.0,50.0,150.0,49.0,149.0,1130.37,4.7,132
austria,ellmau,alte-post-hotel,919.0,500.0,820.0,280.0,95,9,33,52,63,57,8,128,https://www.igluski.com/ski-resorts/austria/ellmau/alte-post-hotel_2025?holidayId=58507822,64,0.0,25.0,33.0,76.0,48.0,85.0,1130.37,4.2,202
austria,solden,gastehaus-kneisl,921.0,,1350.0,146.0,33,8,16,9,20,12,8,40,https://www.igluski.com/ski-resorts/austria/solden/gastehaus-kneisl_36786?holidayId=58521371,,5.0,263.0,15.0,306.0,15.0,362.0,1132.83,4.3,10
france,les-deux-alpes,chamois-lodge,922.0,240.0,1651.0,220.0,43,4,17,18,14,49,22,85,https://www.igluski.com/ski-resorts/france/les-deux-alpes/chamois-lodge_40723?holidayId=58527929,600,25.0,100.0,40.0,200.0,40.0,200.0,1134.06,4.6,347
andorra,soldeu,hotel-bruxelles,924.0,200.0,1800.0,210.0,67,4,32,26,63,38,22,123,https://www.igluski.com/ski-resorts/andorra/soldeu/hotel-bruxelles_2149?holidayId=58537918,38,,,,,,,1136.52,3.8,392
france,les-deux-alpes,hotel-de-la-valentin,926.0,,1651.0,220.0,43,4,17,18,14,49,22,85,https://www.igluski.com/ski-resorts/france/les-deux-alpes/hotel-de-la-valentin_33153?holidayId=58502258,54,25.0,100.0,40.0,200.0,40.0,200.0,1138.98,4.5,123
france,les-deux-alpes,hotel-belle-etoile,928.0,100.0,1651.0,220.0,43,4,17,18,14,49,22,85,https://www.igluski.com/ski-resorts/france/les-deux-alpes/hotel-belle-etoile_20671?holidayId=58478850,58,25.0,100.0,40.0,200.0,40.0,200.0,1141.44,4.1,123
italy,gressoney,chalet-du-lys,931.0,,1637.0,150.0,13,3,5,5,7,20,5,32,https://www.igluski.com/ski-resorts/italy/gressoney/chalet-du-lys_30841?holidayId=58512116,58,10.0,110.0,30.0,120.0,30.0,120.0,1145.1299999999999,4.6,245
austria,galtur,alpenhotel-tirol,940.0,,1585.0,40.0,0,0,0,0,0,0,0,0,https://www.igluski.com/ski-resorts/austria/galtur/alpenhotel-tirol_26985?holidayId=58539136,76,20.0,45.0,66.0,125.0,68.0,150.0,1156.2,4.6,99
italy,passo-tonale,hotel-miramonti,941.0,,1883.0,100.0,30,3,19,8,11,15,4,30,https://www.igluski.com/ski-resorts/italy/passo-tonale/hotel-miramonti_4099?holidayId=58530699,240,30.0,400.0,30.0,400.0,30.0,400.0,1157.43,4.2,520
andorra,soldeu,hotel-piolets,941.0,50.0,1800.0,210.0,67,4,32,26,63,38,22,123,https://www.igluski.com/ski-resorts/andorra/soldeu/hotel-piolets_560?holidayId=58463322,236,,,,,,,1157.43,4.2,"1,033"
italy,cervinia,edelweiss-hotel,945.0,,2050.0,350.0,56,21,21,12,30,75,26,131,https://www.igluski.com/ski-resorts/italy/cervinia/edelweiss-hotel_3781?holidayId=58486251,70,27.0,106.0,64.0,147.0,55.0,208.0,1162.35,4.7,158
finland,levi,k5-hotel,949.0,,200.0,44.0,27,2,2,14,19,22,2,43,https://www.igluski.com/ski-resorts/finland/levi/k5-hotel_26013?holidayId=54693494,70,35.0,45.0,65.0,75.0,90.0,115.0,1167.27,4.3,202
france,les-arcs-2000,hotel-club-mmv-altitude,952.0,,2000.0,200.0,82,8,33,41,57,33,18,108,https://www.igluski.com/ski-resorts/france/les-arcs-2000/hotel-club-mmv-altitude_30907?holidayId=58483614,390,,,,,,,1170.96,3.6,362
italy,cervinia,hotel-petit-palais,955.0,100.0,2050.0,350.0,56,21,21,12,30,75,26,131,https://www.igluski.com/ski-resorts/italy/cervinia/hotel-petit-palais_1739?holidayId=58540384,106,27.0,106.0,64.0,147.0,55.0,208.0,1174.65,4.3,151
italy,campitello,hotel-stella-montis,955.0,,1448.0,17.0,9,2,5,2,3,4,1,8,https://www.igluski.com/ski-resorts/italy/campitello/hotel-stella-montis_38748?holidayId=58534963,,,,,,,,1174.65,4.4,210
italy,san-candido,sporthotel-tyrol,960.0,500.0,1600.0,93.0,32,1,7,19,24,37,15,76,https://www.igluski.com/ski-resorts/italy/san-candido/sporthotel-tyrol_34913?holidayId=58491002,,,,,,,,1180.8,4.8,289
italy,madonna-di-campiglio,alpen-hotel-vidi,961.0,200.0,1550.0,150.0,47,9,29,9,21,13,4,38,https://www.igluski.com/ski-resorts/italy/madonna-di-campiglio/alpen-hotel-vidi_39149?holidayId=58433254,,79.0,187.0,60.0,160.0,60.0,149.0,1182.03,4.4,88
austria,mayrhofen,alpenhof-kristall,964.0,1000.0,630.0,600.0,52,8,27,17,43,75,15,133,https://www.igluski.com/ski-resorts/austria/mayrhofen/alpenhof-kristall_40737?holidayId=59450388,,0.0,60.0,5.0,80.0,2.0,99.0,1185.72,4.4,160
italy,selva-val-gardena,hotel-pralong,967.0,150.0,1563.0,175.0,81,9,41,31,32,23,4,59,https://www.igluski.com/ski-resorts/italy/selva-val-gardena/hotel-pralong_2543?holidayId=58528224,54,72.0,165.0,50.0,150.0,49.0,149.0,1189.41,4.7,64
austria,ischgl,hotel-garni-litzner,969.0,,1400.0,230.0,48,9,27,12,23,60,15,98,https://www.igluski.com/ski-resorts/austria/ischgl/hotel-garni-litzner_19706?holidayId=58520681,65,20.0,70.0,50.0,120.0,63.0,131.0,1191.87,4.6,30
austria,zell-am-see,hotel-zum-hirschen,969.0,150.0,758.0,136.0,55,13,18,24,31,19,9,59,https://www.igluski.com/ski-resorts/austria/zell-am-see/hotel-zum-hirschen_2205?holidayId=58492560,45,0.0,58.0,43.0,147.0,46.0,150.0,1191.87,4.3,406
france,val-d-isere,les-cretes-blanches,971.0,200.0,1850.0,300.0,89,10,45,34,83,46,25,154,https://www.igluski.com/ski-resorts/france/val-d-isere/les-cretes-blanches_6704?holidayId=58432771,60,75.0,165.0,185.0,233.0,191.0,242.0,1194.33,4.0,80
andorra,pas-de-la-casa,hotel-sporting,974.0,,2050.0,193.0,63,4,28,26,40,37,23,100,https://www.igluski.com/ski-resorts/andorra/pas-de-la-casa/hotel-sporting_22830?holidayId=58500686,,15.0,40.0,80.0,165.0,52.0,140.0,1198.02,4.6,275
andorra,soldeu,sporthotel,978.0,50.0,1800.0,210.0,67,4,32,26,63,38,22,123,https://www.igluski.com/ski-resorts/andorra/soldeu/sporthotel_996?holidayId=58451008,330,,,,,,,1202.94,4.6,122
italy,campitello,hotel-park-diamant,980.0,,1448.0,17.0,9,2,5,2,3,4,1,8,https://www.igluski.com/ski-resorts/italy/campitello/hotel-park-diamant_2490?holidayId=58545122,78,,,,,,,1205.4,4.4,150
france,alpe-d-huez,hotel-le-castillan,981.0,120.0,1850.0,249.0,82,15,23,41,23,74,38,135,https://www.igluski.com/ski-resorts/france/alpe-d-huez/hotel-le-castillan_42107?holidayId=58532301,100,71.0,120.0,151.0,276.0,141.0,241.0,1206.6299999999999,4.6,203
austria,st-anton,hotel-goldenes-kreuz,985.0,,1304.0,305.0,88,15,45,28,130,123,51,304,https://www.igluski.com/ski-resorts/austria/st-anton/hotel-goldenes-kreuz_1295?holidayId=58457176,56,35.0,45.0,110.0,138.0,102.0,168.0,1211.55,4.8,67
austria,zell-am-see,hotel-lebzelter,986.0,200.0,758.0,136.0,55,13,18,24,31,19,9,59,https://www.igluski.com/ski-resorts/austria/zell-am-see/hotel-lebzelter_4163?holidayId=59409461,100,0.0,58.0,43.0,147.0,46.0,150.0,1212.78,4.0,229
austria,mayrhofen,sport--spa-hotel-strass,987.0,10.0,630.0,600.0,52,8,27,17,43,75,15,133,https://www.igluski.com/ski-resorts/austria/mayrhofen/sport--spa-hotel-strass_1394?holidayId=58523796,360,0.0,60.0,5.0,80.0,2.0,99.0,1214.01,4.4,767
italy,val-di-fassa,hotel-rubino-executive,989.0,,1460.0,120.0,58,9,28,21,30,41,3,74,https://www.igluski.com/ski-resorts/italy/val-di-fassa/hotel-rubino-executive_3623?holidayId=58537627,,50.0,160.0,50.0,120.0,50.0,120.0,1216.47,4.3,192
france,tignes,hotel-diva,990.0,300.0,2100.0,300.0,89,10,45,34,83,46,25,154,https://www.igluski.com/ski-resorts/france/tignes/hotel-diva_1501?holidayId=58285963,242,75.0,165.0,185.0,233.0,191.0,242.0,1217.7,3.7,248
andorra,arinsal,diana-parc--spa-hotel,991.0,,1550.0,63.0,30,2,11,13,22,16,4,42,https://www.igluski.com/ski-resorts/andorra/arinsal/diana-parc--spa-hotel_36622?holidayId=58515222,,30.0,60.0,130.0,180.0,120.0,170.0,1218.93,4.3,581
austria,ischgl,garni-neder,993.0,,1400.0,230.0,48,9,27,12,23,60,15,98,https://www.igluski.com/ski-resorts/austria/ischgl/garni-neder_27627?holidayId=58521356,42,20.0,70.0,50.0,120.0,63.0,131.0,1221.3899999999999,4.8,28
austria,soll,feichter-guesthouse,997.0,,703.0,250.0,94,11,38,44,63,57,8,128,https://www.igluski.com/ski-resorts/austria/soll/feichter-guesthouse_27650?holidayId=58515190,38,0.0,25.0,33.0,76.0,48.0,85.0,1226.31,4.5,77
finland,saariselka,gielas-hotel,999.0,,180.0,20.0,5,0,1,4,3,7,2,12,https://www.igluski.com/ski-resorts/finland/saariselka/gielas-hotel_36841?holidayId=51687590,,,,,,,,1228.77,4.1,861
austria,bad-hofgastein,hotel-germania,1000.0,,870.0,208.0,49,11,19,18,16,38,6,60,https://www.igluski.com/ski-resorts/austria/bad-hofgastein/hotel-germania_38022?holidayId=58526558,150,0.0,100.0,48.0,155.0,45.0,176.0,1230.0,4.2,284
austria,st-johann-in-tirol,boutique-hotel-bruggwirt,1000.0,1440.0,700.0,60.0,17,3,4,10,4,23,2,29,https://www.igluski.com/ski-resorts/austria/st-johann-in-tirol/boutique-hotel-bruggwirt_42097?holidayId=58530186,150,0.0,0.0,40.0,96.0,44.0,97.0,1230.0,4.1,218
austria,soll,hotel-gansleit,1002.0,,703.0,250.0,94,11,38,44,63,57,8,128,https://www.igluski.com/ski-resorts/austria/soll/hotel-gansleit_3382?holidayId=58537963,60,0.0,25.0,33.0,76.0,48.0,85.0,1232.46,4.6,86
italy,cortina,hotel-serena,1007.0,,1224.0,140.0,47,5,29,13,52,18,8,78,https://www.igluski.com/ski-resorts/italy/cortina/hotel-serena_40697?holidayId=58423841,,30.0,130.0,30.0,130.0,30.0,130.0,1238.61,4.2,306
france,serre-chevalier,sowell-hotel-le-parc-and-spa,1007.0,120.0,1350.0,250.0,74,9,19,46,53,43,15,111,https://www.igluski.com/ski-resorts/france/serre-chevalier/sowell-hotel-le-parc-and-spa_41548?holidayId=58512643,138,0.0,200.0,75.0,250.0,43.0,231.0,1238.61,3.7,811
italy,selva-val-gardena,hotel-serena,1007.0,,1563.0,175.0,81,9,41,31,32,23,4,59,https://www.igluski.com/ski-resorts/italy/selva-val-gardena/hotel-serena_4131?holidayId=58494233,,72.0,165.0,50.0,150.0,49.0,149.0,1238.61,4.5,102
italy,cortina,panda-hotel,1007.0,,1224.0,140.0,47,5,29,13,52,18,8,78,https://www.igluski.com/ski-resorts/italy/cortina/panda-hotel_33210?holidayId=58538366,,30.0,130.0,30.0,130.0,30.0,130.0,1238.61,4.0,111
italy,kronplatz,sport-hotel-exclusive,1009.0,,900.0,103.0,32,20,6,6,25,12,6,43,https://www.igluski.com/ski-resorts/italy/kronplatz/sport-hotel-exclusive_40757?holidayId=58451601,200,60.0,120.0,60.0,130.0,60.0,132.0,1241.07,4.7,118
austria,kaprun,hotel-toni,1009.0,,775.0,132.0,56,12,17,27,31,19,9,59,https://www.igluski.com/ski-resorts/austria/kaprun/hotel-toni_22750?holidayId=58459067,100,0.0,130.0,33.0,188.0,39.0,235.0,1241.07,4.3,221
austria,seefeld,hotel-seefelderhof,1010.0,250.0,1207.0,50.0,31,2,7,21,8,8,2,18,https://www.igluski.com/ski-resorts/austria/seefeld/hotel-seefelderhof_4123?holidayId=58400717,112,0.0,0.0,20.0,70.0,35.0,102.0,1242.3,4.5,207
austria,bad-hofgastein,hotel-alpina,1010.0,,870.0,208.0,49,11,19,18,16,38,6,60,https://www.igluski.com/ski-resorts/austria/bad-hofgastein/hotel-alpina_38008?holidayId=58463022,,0.0,100.0,48.0,155.0,45.0,176.0,1242.3,4.3,281
austria,kaprun,hotel-tauernhof,1012.0,,775.0,132.0,56,12,17,27,31,19,9,59,https://www.igluski.com/ski-resorts/austria/kaprun/hotel-tauernhof_1370?holidayId=58210159,100,0.0,130.0,33.0,188.0,39.0,235.0,1244.76,4.6,192
austria,bad-hofgastein,hotel-palace,1012.0,,870.0,208.0,49,11,19,18,16,38,6,60,https://www.igluski.com/ski-resorts/austria/bad-hofgastein/hotel-palace_1258?holidayId=58417877,396,0.0,100.0,48.0,155.0,45.0,176.0,1244.76,4.2,755
france,aime-la-plagne,hotel-club-mmv-plagne-2000,1016.0,,2100.0,225.0,139,15,66,58,76,33,19,128,https://www.igluski.com/ski-resorts/france/aime-la-plagne/hotel-club-mmv-plagne-2000_39275?holidayId=58442655,100,0.0,0.0,20.0,250.0,13.0,321.0,1249.68,4.0,348
france,tignes-les-brevieres,hotel-club-mmv-les-brevieres,1019.0,500.0,1550.0,300.0,89,10,45,34,83,46,25,154,https://www.igluski.com/ski-resorts/france/tignes-les-brevieres/hotel-club-mmv-les-brevieres_32421?holidayId=58337744,,,,,,,,1253.37,4.0,357
italy,madonna-di-campiglio,hotel-splendid,1021.0,120.0,1550.0,150.0,47,9,29,9,21,13,4,38,https://www.igluski.com/ski-resorts/italy/madonna-di-campiglio/hotel-splendid_40749?holidayId=58481079,100,79.0,187.0,60.0,160.0,60.0,149.0,1255.83,4.6,275
italy,san-candido,hotel-villa-stefania,1022.0,600.0,1600.0,93.0,32,1,7,19,24,37,15,76,https://www.igluski.com/ski-resorts/italy/san-candido/hotel-villa-stefania_42105?holidayId=58509920,120,,,,,,,1257.06,4.7,199
austria,schladming,hotel-schladmingerhof,1023.0,1500.0,745.0,175.0,93,8,23,62,22,44,8,74,https://www.igluski.com/ski-resorts/austria/schladming/hotel-schladmingerhof_36800?holidayId=58493954,,0.0,50.0,70.0,110.0,67.0,118.0,1258.29,4.5,130
austria,bad-hofgastein,johannesbad-hotel-st-georg,1027.0,,870.0,208.0,49,11,19,18,16,38,6,60,https://www.igluski.com/ski-resorts/austria/bad-hofgastein/johannesbad-hotel-st-georg_1254?holidayId=58465460,102,0.0,100.0,48.0,155.0,45.0,176.0,1263.21,4.4,251
austria,mayrhofen,landhaus-mayrhofen,1029.0,480.0,630.0,600.0,52,8,27,17,43,75,15,133,https://www.igluski.com/ski-resorts/austria/mayrhofen/landhaus-mayrhofen_40747?holidayId=58474678,80,0.0,60.0,5.0,80.0,2.0,99.0,1265.67,4.3,7
france,les-deux-alpes,hotel-club-mmv-le-panorama,1029.0,100.0,1651.0,220.0,43,4,17,18,14,49,22,85,https://www.igluski.com/ski-resorts/france/les-deux-alpes/hotel-club-mmv-le-panorama_155?holidayId=58477249,192,25.0,100.0,40.0,200.0,40.0,200.0,1265.67,3.7,220
italy,madonna-di-campiglio,golf-hotel-th-madonna-di-campiglio,1032.0,,1550.0,150.0,47,9,29,9,21,13,4,38,https://www.igluski.com/ski-resorts/italy/madonna-di-campiglio/golf-hotel-th-madonna-di-campiglio_32332?holidayId=58420794,218,79.0,187.0,60.0,160.0,60.0,149.0,1269.36,4.4,410
austria,saalbach,hotel-sport-berger,1034.0,50.0,1003.0,270.0,70,28,22,20,140,110,20,270,https://www.igluski.com/ski-resorts/austria/saalbach/hotel-sport-berger_1335?holidayId=58444709,120,5.0,50.0,50.0,133.0,46.0,140.0,1271.82,3.6,211
austria,westendorf,sporthotel-jakobwirt,1040.0,250.0,801.0,284.0,90,15,35,40,110,86,11,207,https://www.igluski.com/ski-resorts/austria/westendorf/sporthotel-jakobwirt_2014?holidayId=58532003,96,0.0,25.0,33.0,76.0,48.0,85.0,1279.2,4.5,202
austria,mayrhofen,hotel-rose,1042.0,500.0,630.0,600.0,52,8,27,17,43,75,15,133,https://www.igluski.com/ski-resorts/austria/mayrhofen/hotel-rose_1390?holidayId=58539060,96,0.0,60.0,5.0,80.0,2.0,99.0,1281.66,4.5,557
france,belle-plagne,hotel-belle-plagne-2100,1045.0,,2050.0,425.0,139,15,66,58,76,33,19,128,https://www.igluski.com/ski-resorts/france/belle-plagne/hotel-belle-plagne-2100_36721?holidayId=58377643,,,,,,,,1285.35,4.0,174
austria,schladming,hotel-neue-post,1045.0,500.0,745.0,175.0,93,8,23,62,22,44,8,74,https://www.igluski.com/ski-resorts/austria/schladming/hotel-neue-post_36875?holidayId=58519414,,0.0,50.0,70.0,110.0,67.0,118.0,1285.35,4.4,168
austria,st-johann-in-tirol,alpenhotel-kaiserfels,1048.0,,700.0,60.0,17,3,4,10,4,23,2,29,https://www.igluski.com/ski-resorts/austria/st-johann-in-tirol/alpenhotel-kaiserfels_33230?holidayId=58205035,270,0.0,0.0,40.0,96.0,44.0,97.0,1289.04,4.6,562
france,belle-plagne,hotel-des-balcons,1048.0,200.0,2050.0,425.0,139,15,66,58,76,33,19,128,https://www.igluski.com/ski-resorts/france/belle-plagne/hotel-des-balcons_4710?holidayId=58528790,82,,,,,,,1289.04,3.9,277
italy,selva-val-gardena,hotel-piccolo,1056.0,,1563.0,175.0,81,9,41,31,32,23,4,59,https://www.igluski.com/ski-resorts/italy/selva-val-gardena/hotel-piccolo_26347?holidayId=58499851,60,72.0,165.0,50.0,150.0,49.0,149.0,1298.8799999999999,4.7,91
italy,san-candido,boutique--gourmet-hotel-orso-grigio,1057.0,360.0,1600.0,93.0,32,1,7,19,24,37,15,76,https://www.igluski.com/ski-resorts/italy/san-candido/boutique--gourmet-hotel-orso-grigio_42102?holidayId=58540698,100,,,,,,,1300.11,4.6,424
austria,bad-hofgastein,hotel-alpine-wellness-impuls-tirol,1065.0,,870.0,208.0,49,11,19,18,16,38,6,60,https://www.igluski.com/ski-resorts/austria/bad-hofgastein/hotel-alpine-wellness-impuls-tirol_18919?holidayId=58514777,140,0.0,100.0,48.0,155.0,45.0,176.0,1309.95,4.7,259
italy,sestriere,hotel-principi-di-piemonte,1067.0,200.0,2035.0,400.0,94,5,35,54,43,73,30,146,https://www.igluski.com/ski-resorts/italy/sestriere/hotel-principi-di-piemonte_32526?holidayId=58505467,200,150.0,220.0,35.0,300.0,96.0,280.0,1312.41,4.3,295
italy,madonna-di-campiglio,hotel-savoia-palace,1067.0,,1550.0,150.0,47,9,29,9,21,13,4,38,https://www.igluski.com/ski-resorts/italy/madonna-di-campiglio/hotel-savoia-palace_543?holidayId=58538069,110,79.0,187.0,60.0,160.0,60.0,149.0,1312.41,4.4,261
andorra,soldeu,hotel-park-piolets,1071.0,400.0,1800.0,210.0,67,4,32,26,63,38,22,123,https://www.igluski.com/ski-resorts/andorra/soldeu/hotel-park-piolets_18826?holidayId=58484928,300,,,,,,,1317.33,4.5,728
italy,val-di-fassa,rene-dolomites-boutique-hotel,1073.0,800.0,1460.0,120.0,58,9,28,21,30,41,3,74,https://www.igluski.com/ski-resorts/italy/val-di-fassa/rene-dolomites-boutique-hotel_42106?holidayId=58528296,120,50.0,160.0,50.0,120.0,50.0,120.0,1319.79,4.7,317
france,flaine,hotel-le-flaine,1076.0,,1600.0,265.0,77,6,26,45,65,49,12,126,https://www.igluski.com/ski-resorts/france/flaine/hotel-le-flaine_7232?holidayId=58531836,100,0.0,0.0,111.0,275.0,88.0,289.0,1323.48,4.0,150
austria,ischgl,garni-martina-hotel,1078.0,,1400.0,230.0,48,9,27,12,23,60,15,98,https://www.igluski.com/ski-resorts/austria/ischgl/garni-martina-hotel_32325?holidayId=58502963,,20.0,70.0,50.0,120.0,63.0,131.0,1325.94,4.7,42
finland,levi,hotel-crazy-reindeer,1079.0,,200.0,44.0,27,2,2,14,19,22,2,43,https://www.igluski.com/ski-resorts/finland/levi/hotel-crazy-reindeer_19918?holidayId=51689139,314,35.0,45.0,65.0,75.0,90.0,115.0,1327.17,4.2,200
austria,bad-gastein,hotel-post,1083.0,,1080.0,250.0,49,11,19,18,16,38,6,60,https://www.igluski.com/ski-resorts/austria/bad-gastein/hotel-post_38001?holidayId=58463421,,0.0,100.0,48.0,155.0,45.0,176.0,1332.09,4.2,19
france,alpe-d-huez,hotel-club-mmv-les-bergers,1087.0,10.0,1850.0,249.0,82,15,23,41,23,74,38,135,https://www.igluski.com/ski-resorts/france/alpe-d-huez/hotel-club-mmv-les-bergers_15304?holidayId=58510302,150,71.0,120.0,151.0,276.0,141.0,241.0,1337.01,3.9,313
austria,zell-am-see,hotel-berner,1088.0,100.0,758.0,136.0,55,13,18,24,31,19,9,59,https://www.igluski.com/ski-resorts/austria/zell-am-see/hotel-berner_2201?holidayId=58523254,72,0.0,58.0,43.0,147.0,46.0,150.0,1338.24,4.7,109
austria,bad-gastein,hotel-salzburger-hof,1101.0,400.0,1080.0,250.0,49,11,19,18,16,38,6,60,https://www.igluski.com/ski-resorts/austria/bad-gastein/hotel-salzburger-hof_36844?holidayId=58210854,,0.0,100.0,48.0,155.0,45.0,176.0,1354.23,4.6,505
austria,schladming,stadthotel-brunner,1101.0,300.0,745.0,175.0,93,8,23,62,22,44,8,74,https://www.igluski.com/ski-resorts/austria/schladming/stadthotel-brunner_40741?holidayId=58205056,200,0.0,50.0,70.0,110.0,67.0,118.0,1354.23,4.8,90
france,val-thorens,hotel-le-val-chaviere,1101.0,200.0,2300.0,600.0,183,40,69,74,183,106,32,321,https://www.igluski.com/ski-resorts/france/val-thorens/hotel-le-val-chaviere_1447?holidayId=58473996,98,98.0,121.0,215.0,267.0,207.0,269.0,1354.23,4.3,96
france,les-arcs-1800,hotel-du-golf,1107.0,50.0,1800.0,200.0,82,8,33,41,57,33,18,108,https://www.igluski.com/ski-resorts/france/les-arcs-1800/hotel-du-golf_65?holidayId=59319919,492,,,,,,,1361.61,4.0,566
france,avoriaz,les-cimes-du-soleil,1107.0,200.0,950.0,650.0,107,14,83,0,39,219,28,286,https://www.igluski.com/ski-resorts/france/avoriaz/les-cimes-du-soleil_36887?holidayId=59318838,,10.0,50.0,40.0,190.0,23.0,156.0,1361.61,3.6,391
austria,seefeld,hotel-vaya-seefeld,1107.0,,1207.0,50.0,31,2,7,21,8,8,2,18,https://www.igluski.com/ski-resorts/austria/seefeld/hotel-vaya-seefeld_6201?holidayId=58475473,110,0.0,0.0,20.0,70.0,35.0,102.0,1361.61,4.2,113
austria,zell-am-see,hotel-waldhof,1116.0,350.0,758.0,136.0,55,13,18,24,31,19,9,59,https://www.igluski.com/ski-resorts/austria/zell-am-see/hotel-waldhof_32158?holidayId=58199462,158,0.0,58.0,43.0,147.0,46.0,150.0,1372.68,4.5,524
austria,kaprun,hotel-antonius,1116.0,,775.0,132.0,56,12,17,27,31,19,9,59,https://www.igluski.com/ski-resorts/austria/kaprun/hotel-antonius_1369?holidayId=58435756,100,0.0,130.0,33.0,188.0,39.0,235.0,1372.68,4.5,258
austria,bad-hofgastein,hotel-osterreichischerhof,1117.0,,870.0,208.0,49,11,19,18,16,38,6,60,https://www.igluski.com/ski-resorts/austria/bad-hofgastein/hotel-osterreichischerhof_1256?holidayId=58203789,115,0.0,100.0,48.0,155.0,45.0,176.0,1373.91,4.7,314
italy,courmayeur,hotel-gran-baita,1119.0,,1224.0,100.0,16,5,8,3,6,12,4,22,https://www.igluski.com/ski-resorts/italy/courmayeur/hotel-gran-baita_2580?holidayId=58476395,,40.0,100.0,40.0,100.0,41.0,117.0,1376.37,4.6,424
austria,zell-am-see,boutique-hotel-twotimez,1120.0,200.0,758.0,136.0,55,13,18,24,31,19,9,59,https://www.igluski.com/ski-resorts/austria/zell-am-see/boutique-hotel-twotimez_36915?holidayId=58544080,,0.0,58.0,43.0,147.0,46.0,150.0,1377.6,4.5,73
andorra,soldeu,sporthotel-village,1123.0,20.0,1800.0,210.0,67,4,32,26,63,38,22,123,https://www.igluski.com/ski-resorts/andorra/soldeu/sporthotel-village_561?holidayId=58485059,300,,,,,,,1381.29,4.6,463
italy,courmayeur,hotel-jumeaux,1123.0,,1224.0,100.0,16,5,8,3,6,12,4,22,https://www.igluski.com/ski-resorts/italy/courmayeur/hotel-jumeaux_27414?holidayId=58530627,50,40.0,100.0,40.0,100.0,41.0,117.0,1381.29,3.7,331
italy,san-candido,parkhotel-sole-paradiso,1127.0,360.0,1600.0,93.0,32,1,7,19,24,37,15,76,https://www.igluski.com/ski-resorts/italy/san-candido/parkhotel-sole-paradiso_42109?holidayId=58512011,120,,,,,,,1386.21,4.7,244
austria,saalbach,hotel-panorama-landhaus,1133.0,,1003.0,270.0,70,28,22,20,140,110,20,270,https://www.igluski.com/ski-resorts/austria/saalbach/hotel-panorama-landhaus_36723?holidayId=58366514,,5.0,50.0,50.0,133.0,46.0,140.0,1393.59,4.3,105
austria,zell-am-see,hotel-heitzmann,1136.0,200.0,758.0,136.0,55,13,18,24,31,19,9,59,https://www.igluski.com/ski-resorts/austria/zell-am-see/hotel-heitzmann_2203?holidayId=58210783,132,0.0,58.0,43.0,147.0,46.0,150.0,1397.28,4.3,266
italy,arabba,sporthotel-arabba,1140.0,150.0,1600.0,1220.0,30,7,15,8,19,28,3,50,https://www.igluski.com/ski-resorts/italy/arabba/sporthotel-arabba_3612?holidayId=58546305,104,115.0,165.0,60.0,285.0,72.0,244.0,1402.2,4.5,216
austria,saalbach,landhaus-bauer,1143.0,200.0,1003.0,270.0,70,28,22,20,140,110,20,270,https://www.igluski.com/ski-resorts/austria/saalbach/landhaus-bauer_36929?holidayId=58391773,,5.0,50.0,50.0,133.0,46.0,140.0,1405.8899999999999,4.0,1
france,plagne-soleil,hotel-vancouver,1146.0,200.0,2100.0,225.0,105,9,36,60,76,33,19,128,https://www.igluski.com/ski-resorts/france/plagne-soleil/hotel-vancouver_27015?holidayId=58501991,84,,,,,,,1409.58,4.1,116
austria,hinterglemm,hotel-zur-dorfschmiede,1150.0,50.0,1003.0,200.0,54,15,16,23,32,27,5,64,https://www.igluski.com/ski-resorts/austria/hinterglemm/hotel-zur-dorfschmiede_36634?holidayId=58446705,100,5.0,50.0,50.0,133.0,46.0,140.0,1414.5,4.1,207
italy,selva-val-gardena,hotel-armin,1154.0,,1563.0,175.0,81,9,41,31,32,23,4,59,https://www.igluski.com/ski-resorts/italy/selva-val-gardena/hotel-armin_7236?holidayId=58527760,50,72.0,165.0,50.0,150.0,49.0,149.0,1419.42,4.7,193
france,tignes,hotel-arbina,1157.0,120.0,2100.0,300.0,89,10,45,34,83,46,25,154,https://www.igluski.com/ski-resorts/france/tignes/hotel-arbina_41530?holidayId=59254004,50,75.0,165.0,185.0,233.0,191.0,242.0,1423.11,3.3,282
austria,soll,hotel-tyrol,1158.0,,703.0,250.0,94,11,38,44,63,57,8,128,https://www.igluski.com/ski-resorts/austria/soll/hotel-tyrol_4676?holidayId=58485537,120,0.0,25.0,33.0,76.0,48.0,85.0,1424.34,4.5,194
italy,santa-cristina,hotel-bel-mont,1158.0,600.0,1428.0,175.0,80,8,40,32,32,23,3,58,https://www.igluski.com/ski-resorts/italy/santa-cristina/hotel-bel-mont_40939?holidayId=58521974,150,72.0,165.0,50.0,150.0,49.0,149.0,1424.34,4.4,135
finland,levi,levi-hotel-spa,1159.0,300.0,200.0,44.0,27,2,2,14,19,22,2,43,https://www.igluski.com/ski-resorts/finland/levi/levi-hotel-spa_27677?holidayId=51670910,440,35.0,45.0,65.0,75.0,90.0,115.0,1425.57,4.2,"2,053"
france,val-d-isere,victoria-lodge,1162.0,,1850.0,300.0,89,10,45,34,83,46,25,154,https://www.igluski.com/ski-resorts/france/val-d-isere/victoria-lodge_40678?holidayId=58321680,,75.0,165.0,185.0,233.0,191.0,242.0,1429.26,4.5,63
france,val-d-isere,hotel-kandahar,1169.0,300.0,1850.0,300.0,89,10,45,34,83,46,25,154,https://www.igluski.com/ski-resorts/france/val-d-isere/hotel-kandahar_2600?holidayId=58501955,82,75.0,165.0,185.0,233.0,191.0,242.0,1437.87,4.2,42
austria,solden,hotel-erhart,1169.0,,1350.0,146.0,33,8,16,9,20,12,8,40,https://www.igluski.com/ski-resorts/austria/solden/hotel-erhart_22138?holidayId=58531697,55,5.0,263.0,15.0,306.0,15.0,362.0,1437.87,4.5,109
austria,st-anton,hotel-rendlhof,1172.0,450.0,1304.0,305.0,88,15,45,28,130,123,51,304,https://www.igluski.com/ski-resorts/austria/st-anton/hotel-rendlhof_1293?holidayId=58291083,40,35.0,45.0,110.0,138.0,102.0,168.0,1441.56,4.1,24
france,les-deux-alpes,base-camp-lodge,1173.0,240.0,1651.0,220.0,43,4,17,18,14,49,22,85,https://www.igluski.com/ski-resorts/france/les-deux-alpes/base-camp-lodge_40947?holidayId=58529461,70,25.0,100.0,40.0,200.0,40.0,200.0,1442.79,4.6,44
france,val-thorens,hotel-club-mmv-les-arolles,1173.0,250.0,2300.0,600.0,183,40,69,74,183,106,32,321,https://www.igluski.com/ski-resorts/france/val-thorens/hotel-club-mmv-les-arolles_34993?holidayId=58428786,404,98.0,121.0,215.0,267.0,207.0,269.0,1442.79,3.8,375
austria,hinterglemm,hotel-alpen-karawanserai,1178.0,50.0,1003.0,200.0,54,15,16,23,32,27,5,64,https://www.igluski.com/ski-resorts/austria/hinterglemm/hotel-alpen-karawanserai_3402?holidayId=58208168,156,5.0,50.0,50.0,133.0,46.0,140.0,1448.94,4.6,319
austria,galtur,vaya-galtur,1179.0,2100.0,1585.0,40.0,0,0,0,0,0,0,0,0,https://www.igluski.com/ski-resorts/austria/galtur/vaya-galtur_42095?holidayId=58442115,120,20.0,45.0,66.0,125.0,68.0,150.0,1450.17,4.5,105
austria,nassfeld,franz-ferdinand-mountain-resort-nassfeld,1180.0,50.0,610.0,110.0,30,5,7,18,5,18,6,29,https://www.igluski.com/ski-resorts/austria/nassfeld/franz-ferdinand-mountain-resort-nassfeld_37093?holidayId=58514380,280,0.0,120.0,0.0,100.0,0.0,100.0,1451.4,4.6,570
france,les-arcs-1800,apart-hotel-eden,1182.0,,1800.0,200.0,82,8,33,41,57,33,18,108,https://www.igluski.com/ski-resorts/france/les-arcs-1800/apart-hotel-eden_36610?holidayId=58198057,,,,,,,,1453.86,4.2,125
france,tignes-le-lac,tignes-2100,1182.0,100.0,2100.0,300.0,89,10,45,34,83,46,25,154,https://www.igluski.com/ski-resorts/france/tignes-le-lac/tignes-2100_27616?holidayId=58499011,156,,,,,,,1453.86,4.1,207
austria,kitzbuhel,hotel-tiefenbrunner,1184.0,500.0,760.0,185.0,61,11,27,15,29,27,11,67,https://www.igluski.com/ski-resorts/austria/kitzbuhel/hotel-tiefenbrunner_1266?holidayId=58530846,150,,,,,,,1456.32,4.6,244
france,belle-plagne,hotel-club-mmv-deux-domaines,1184.0,,2050.0,425.0,139,15,66,58,76,33,19,128,https://www.igluski.com/ski-resorts/france/belle-plagne/hotel-club-mmv-deux-domaines_26058?holidayId=59041803,300,,,,,,,1456.32,4.3,81
austria,obergurgl,hotel-madeleine,1189.0,,1930.0,110.0,24,3,12,9,16,18,6,40,https://www.igluski.com/ski-resorts/austria/obergurgl/hotel-madeleine_1384?holidayId=58376138,70,100.0,185.0,69.0,143.0,60.0,133.0,1462.47,4.7,70
austria,seefeld,hotel-bergland,1189.0,300.0,1207.0,50.0,31,2,7,21,8,8,2,18,https://www.igluski.com/ski-resorts/austria/seefeld/hotel-bergland_40742?holidayId=58516576,125,0.0,0.0,20.0,70.0,35.0,102.0,1462.47,4.6,225
austria,saalbach,konig-hotel,1191.0,,1003.0,270.0,70,28,22,20,140,110,20,270,https://www.igluski.com/ski-resorts/austria/saalbach/konig-hotel_32407?holidayId=58404445,60,5.0,50.0,50.0,133.0,46.0,140.0,1464.93,4.4,103
austria,schladming,hotel-tui-blue-schladming,1193.0,100.0,745.0,175.0,93,8,23,62,22,44,8,74,https://www.igluski.com/ski-resorts/austria/schladming/hotel-tui-blue-schladming_27456?holidayId=58244173,,0.0,50.0,70.0,110.0,67.0,118.0,1467.3899999999999,4.7,675
austria,rauris,hotel-rauriserhof,1194.0,,950.0,25.0,10,2,1,5,7,3,1,11,https://www.igluski.com/ski-resorts/austria/rauris/hotel-rauriserhof_7547?holidayId=58209654,165,0.0,0.0,61.0,151.0,58.0,163.0,1468.62,4.7,275
italy,san-candido,hotel-leitlhof,1195.0,800.0,1600.0,93.0,32,1,7,19,24,37,15,76,https://www.igluski.com/ski-resorts/italy/san-candido/hotel-leitlhof_35027?holidayId=58206982,110,,,,,,,1469.85,4.7,656
france,la-tania,hotel-montana,1195.0,75.0,1350.0,600.0,198,43,68,87,101,146,28,275,https://www.igluski.com/ski-resorts/france/la-tania/hotel-montana_25917?holidayId=58540405,165,98.0,121.0,215.0,267.0,207.0,269.0,1469.85,4.4,123
austria,obergurgl,hotel-regina,1198.0,,1930.0,110.0,24,3,12,9,16,18,6,40,https://www.igluski.com/ski-resorts/austria/obergurgl/hotel-regina_1385?holidayId=58377256,,100.0,185.0,69.0,143.0,60.0,133.0,1473.54,4.7,53
france,alpe-d-huez,hotel-petit-prince,1198.0,,1850.0,249.0,82,15,23,41,23,74,38,135,https://www.igluski.com/ski-resorts/france/alpe-d-huez/hotel-petit-prince_3238?holidayId=58482355,,71.0,120.0,151.0,276.0,141.0,241.0,1473.54,4.1,89
france,alpe-d-huez,hotel-royal-ours-blanc,1199.0,100.0,1850.0,249.0,82,15,23,41,23,74,38,135,https://www.igluski.com/ski-resorts/france/alpe-d-huez/hotel-royal-ours-blanc_1432?holidayId=58506816,,71.0,120.0,151.0,276.0,141.0,241.0,1474.77,3.9,151
austria,mayrhofen,hotel-neuhaus-st-josef,1205.0,600.0,630.0,600.0,52,8,27,17,43,75,15,133,https://www.igluski.com/ski-resorts/austria/mayrhofen/hotel-neuhaus-st-josef_40746?holidayId=58209646,300,0.0,60.0,5.0,80.0,2.0,99.0,1482.15,4.4,909
france,val-thorens,hotel-le-sherpa,1206.0,200.0,2300.0,600.0,183,40,69,74,183,106,32,321,https://www.igluski.com/ski-resorts/france/val-thorens/hotel-le-sherpa_1445?holidayId=58541571,118,98.0,121.0,215.0,267.0,207.0,269.0,1483.3799999999999,4.5,111
austria,seefeld,hotel-residenz-hochland,1215.0,1200.0,1207.0,50.0,31,2,7,21,8,8,2,18,https://www.igluski.com/ski-resorts/austria/seefeld/hotel-residenz-hochland_40739?holidayId=58210132,600,0.0,0.0,20.0,70.0,35.0,102.0,1494.45,4.6,123
france,val-thorens,hotel-tango,1224.0,,2300.0,600.0,183,40,69,74,183,106,32,321,https://www.igluski.com/ski-resorts/france/val-thorens/hotel-tango_32145?holidayId=58417248,,98.0,121.0,215.0,267.0,207.0,269.0,1505.52,4.3,157
austria,saalbach,hotel-eva-garden,1227.0,,1003.0,270.0,70,28,22,20,140,110,20,270,https://www.igluski.com/ski-resorts/austria/saalbach/hotel-eva-garden_27657?holidayId=58486233,38,5.0,50.0,50.0,133.0,46.0,140.0,1509.21,4.0,23
france,serre-chevalier,grand-aigle-hotel--spa,1227.0,200.0,1350.0,250.0,74,9,19,46,53,43,15,111,https://www.igluski.com/ski-resorts/france/serre-chevalier/grand-aigle-hotel--spa_7422?holidayId=58538710,187,0.0,200.0,75.0,250.0,43.0,231.0,1509.21,4.2,306
austria,obergurgl,hotel-enzian,1228.0,,1930.0,110.0,24,3,12,9,16,18,6,40,https://www.igluski.com/ski-resorts/austria/obergurgl/hotel-enzian_32859?holidayId=58517966,54,100.0,185.0,69.0,143.0,60.0,133.0,1510.44,4.8,102
france,val-d-isere,hotel-la-savoyarde,1230.0,,1850.0,300.0,89,10,45,34,83,46,25,154,https://www.igluski.com/ski-resorts/france/val-d-isere/hotel-la-savoyarde_976?holidayId=58457396,100,75.0,165.0,185.0,233.0,191.0,242.0,1512.9,4.6,143
austria,st-anton,sporthotel,1231.0,150.0,1304.0,305.0,88,15,45,28,130,123,51,304,https://www.igluski.com/ski-resorts/austria/st-anton/sporthotel_1288?holidayId=58456206,106,35.0,45.0,110.0,138.0,102.0,168.0,1514.1299999999999,4.5,196
france,chamonix,hotel-les-aiglons,1235.0,200.0,1035.0,762.0,64,13,18,32,51,190,21,262,https://www.igluski.com/ski-resorts/france/chamonix/hotel-les-aiglons_19821?holidayId=58525783,214,0.0,0.0,0.0,130.0,0.0,130.0,1519.05,4.3,947
austria,nassfeld,falkensteiner-hotel-sonnenalpe,1235.0,,610.0,110.0,30,5,7,18,5,18,6,29,https://www.igluski.com/ski-resorts/austria/nassfeld/falkensteiner-hotel-sonnenalpe_37095?holidayId=58221114,300,0.0,120.0,0.0,100.0,0.0,100.0,1519.05,4.5,645
austria,zell-am-see,grand-hotel,1239.0,400.0,758.0,136.0,55,13,18,24,31,19,9,59,https://www.igluski.com/ski-resorts/austria/zell-am-see/grand-hotel_1318?holidayId=58211267,266,0.0,58.0,43.0,147.0,46.0,150.0,1523.97,4.2,"1,790"
france,montgenevre,hotel-anova,1243.0,10.0,1850.0,400.0,70,6,35,21,42,102,21,165,https://www.igluski.com/ski-resorts/france/montgenevre/hotel-anova_32253?holidayId=58467527,80,150.0,220.0,35.0,300.0,96.0,280.0,1528.8899999999999,4.4,235
austria,mayrhofen,sporthotel-manni-s,1243.0,200.0,630.0,600.0,52,8,27,17,43,75,15,133,https://www.igluski.com/ski-resorts/austria/mayrhofen/sporthotel-manni-s_2105?holidayId=58198198,94,0.0,60.0,5.0,80.0,2.0,99.0,1528.8899999999999,4.2,257
france,tignes-val-claret,hotel-val-claret,1243.0,50.0,2100.0,300.0,89,10,45,34,83,46,25,154,https://www.igluski.com/ski-resorts/france/tignes-val-claret/hotel-val-claret_6530?holidayId=59320710,514,,,,,,,1528.8899999999999,4.0,67
italy,santa-cristina,hotel-diamant-spa-resort,1245.0,,1428.0,175.0,80,8,40,32,32,23,3,58,https://www.igluski.com/ski-resorts/italy/santa-cristina/hotel-diamant-spa-resort_40693?holidayId=58539424,,72.0,165.0,50.0,150.0,49.0,149.0,1531.35,4.6,180
austria,solden,die-berge-lifestyle-hotel,1245.0,1000.0,1350.0,146.0,33,8,16,9,20,12,8,40,https://www.igluski.com/ski-resorts/austria/solden/die-berge-lifestyle-hotel_39266?holidayId=58474104,,5.0,263.0,15.0,306.0,15.0,362.0,1531.35,4.9,534
austria,obergurgl,hotel-haus-gurgl,1249.0,200.0,1930.0,110.0,24,3,12,9,16,18,6,40,https://www.igluski.com/ski-resorts/austria/obergurgl/hotel-haus-gurgl_4080?holidayId=58387444,46,100.0,185.0,69.0,143.0,60.0,133.0,1536.27,4.8,45
italy,kronplatz,hotel-corona,1260.0,60.0,900.0,103.0,32,20,6,6,25,12,6,43,https://www.igluski.com/ski-resorts/italy/kronplatz/hotel-corona_40754?holidayId=58517524,200,60.0,120.0,60.0,130.0,60.0,132.0,1549.8,4.6,229
italy,ortisei-st-ulrich,hotel-luna-mondschein,1264.0,,1236.0,176.0,0,0,0,0,0,0,0,0,https://www.igluski.com/ski-resorts/italy/ortisei-st-ulrich/hotel-luna-mondschein_32154?holidayId=58530597,2,,,,,,,1554.72,4.6,209
austria,hinterglemm,stammhaus-wolf,1265.0,10.0,1003.0,200.0,54,15,16,23,32,27,5,64,https://www.igluski.com/ski-resorts/austria/hinterglemm/stammhaus-wolf_39143?holidayId=58413168,,5.0,50.0,50.0,133.0,46.0,140.0,1555.95,4.1,22
austria,zell-am-see,vaya-zell-am-see,1266.0,50.0,758.0,136.0,55,13,18,24,31,19,9,59,https://www.igluski.com/ski-resorts/austria/zell-am-see/vaya-zell-am-see_1324?holidayId=58338751,140,0.0,58.0,43.0,147.0,46.0,150.0,1557.18,4.3,102
france,tignes-les-brevieres,tetras-lodge,1267.0,300.0,1550.0,300.0,89,10,45,34,83,46,25,154,https://www.igluski.com/ski-resorts/france/tignes-les-brevieres/tetras-lodge_41538?holidayId=59257885,100,,,,,,,1558.41,4.8,40
austria,obergurgl,hotel-lohmann,1270.0,100.0,1930.0,110.0,24,3,12,9,16,18,6,40,https://www.igluski.com/ski-resorts/austria/obergurgl/hotel-lohmann_2137?holidayId=58500927,78,100.0,185.0,69.0,143.0,60.0,133.0,1562.1,4.7,105
austria,st-anton,hotel-karl-schranz,1271.0,,1304.0,305.0,88,15,45,28,130,123,51,304,https://www.igluski.com/ski-resorts/austria/st-anton/hotel-karl-schranz_2417?holidayId=58462061,62,35.0,45.0,110.0,138.0,102.0,168.0,1563.33,4.4,122
france,morzine,hotel-sporting,1273.0,,1000.0,650.0,206,14,82,110,153,127,28,308,https://www.igluski.com/ski-resorts/france/morzine/hotel-sporting_2232?holidayId=58482017,52,10.0,50.0,40.0,190.0,23.0,156.0,1565.79,4.1,64
austria,zell-am-see,hotel-tirolerhof,1274.0,400.0,758.0,136.0,55,13,18,24,31,19,9,59,https://www.igluski.com/ski-resorts/austria/zell-am-see/hotel-tirolerhof_1322?holidayId=58210243,162,0.0,58.0,43.0,147.0,46.0,150.0,1567.02,4.5,380
austria,galtur,hotel-wirlerhof,1274.0,50.0,1585.0,40.0,0,0,0,0,0,0,0,0,https://www.igluski.com/ski-resorts/austria/galtur/hotel-wirlerhof_26322?holidayId=58209198,148,20.0,45.0,66.0,125.0,68.0,150.0,1567.02,4.5,496
austria,lech,bergheim-hotel,1276.0,,1450.0,305.0,85,10,39,36,34,70,30,134,https://www.igluski.com/ski-resorts/austria/lech/bergheim-hotel_36780?holidayId=58527858,,35.0,45.0,110.0,138.0,102.0,168.0,1569.48,4.7,48
italy,cervinia,white-angel-hotel,1280.0,500.0,2050.0,350.0,56,21,21,12,30,75,26,131,https://www.igluski.com/ski-resorts/italy/cervinia/white-angel-hotel_36191?holidayId=58538471,105,27.0,106.0,64.0,147.0,55.0,208.0,1574.4,4.3,149
italy,cervinia,hotel-sertorelli,1281.0,,2050.0,350.0,56,21,21,12,30,75,26,131,https://www.igluski.com/ski-resorts/italy/cervinia/hotel-sertorelli_2496?holidayId=58543039,132,27.0,106.0,64.0,147.0,55.0,208.0,1575.6299999999999,4.5,169
austria,obergurgl,hotel-alpenland,1284.0,100.0,1930.0,110.0,24,3,12,9,16,18,6,40,https://www.igluski.com/ski-resorts/austria/obergurgl/hotel-alpenland_20931?holidayId=58524823,76,100.0,185.0,69.0,143.0,60.0,133.0,1579.32,4.6,81
austria,obergurgl,hotel-olympia,1292.0,25.0,1930.0,110.0,24,3,12,9,16,18,6,40,https://www.igluski.com/ski-resorts/austria/obergurgl/hotel-olympia_2131?holidayId=58340870,58,100.0,185.0,69.0,143.0,60.0,133.0,1589.16,4.9,38
austria,ischgl,hotel-ischgl,1293.0,,1400.0,230.0,48,9,27,12,23,60,15,98,https://www.igluski.com/ski-resorts/austria/ischgl/hotel-ischgl_30850?holidayId=58361978,,20.0,70.0,50.0,120.0,63.0,131.0,1590.3899999999999,4.5,80
france,les-deux-alpes,hotel-ibiza,1299.0,300.0,1651.0,220.0,43,4,17,18,14,49,22,85,https://www.igluski.com/ski-resorts/france/les-deux-alpes/hotel-ibiza_36001?holidayId=58535834,200,25.0,100.0,40.0,200.0,40.0,200.0,1597.77,4.0,167
austria,ischgl,hotel-alpina,1311.0,,1400.0,230.0,48,9,27,12,23,60,15,98,https://www.igluski.com/ski-resorts/austria/ischgl/hotel-alpina_27626?holidayId=58543287,30,20.0,70.0,50.0,120.0,63.0,131.0,1612.53,4.7,116
france,montgenevre,le-chalet-blanc-hotel,1319.0,,1850.0,400.0,70,6,35,21,42,102,21,165,https://www.igluski.com/ski-resorts/france/montgenevre/le-chalet-blanc-hotel_32233?holidayId=58522374,,150.0,220.0,35.0,300.0,96.0,280.0,1622.37,4.4,70
austria,ischgl,hotel-piz-tasna,1319.0,,1400.0,230.0,48,9,27,12,23,60,15,98,https://www.igluski.com/ski-resorts/austria/ischgl/hotel-piz-tasna_32324?holidayId=58211222,68,20.0,70.0,50.0,120.0,63.0,131.0,1622.37,4.8,81
austria,st-anton,hotel-banyan,1321.0,500.0,1304.0,305.0,88,15,45,28,130,123,51,304,https://www.igluski.com/ski-resorts/austria/st-anton/hotel-banyan_26263?holidayId=58209704,78,35.0,45.0,110.0,138.0,102.0,168.0,1624.83,4.5,106
austria,bad-hofgastein,hotel-norica-therme,1323.0,,870.0,208.0,49,11,19,18,16,38,6,60,https://www.igluski.com/ski-resorts/austria/bad-hofgastein/hotel-norica-therme_38010?holidayId=58528065,90,0.0,100.0,48.0,155.0,45.0,176.0,1627.29,4.7,676
austria,mayrhofen,hotel-neuhaus,1324.0,500.0,630.0,600.0,52,8,27,17,43,75,15,133,https://www.igluski.com/ski-resorts/austria/mayrhofen/hotel-neuhaus_1389?holidayId=58211289,260,0.0,60.0,5.0,80.0,2.0,99.0,1628.52,4.4,909
austria,lech,hotel-antonius,1326.0,,1450.0,305.0,85,10,39,36,34,70,30,134,https://www.igluski.com/ski-resorts/austria/lech/hotel-antonius_24311?holidayId=58494433,40,35.0,45.0,110.0,138.0,102.0,168.0,1630.98,4.1,17
italy,selva-val-gardena,hotel-stella,1330.0,50.0,1563.0,175.0,81,9,41,31,32,23,4,59,https://www.igluski.com/ski-resorts/italy/selva-val-gardena/hotel-stella_15367?holidayId=58541574,96,72.0,165.0,50.0,150.0,49.0,149.0,1635.8999999999999,4.6,186
france,les-arcs-1600,la-cachette,1332.0,,1600.0,200.0,82,8,33,41,57,33,18,108,https://www.igluski.com/ski-resorts/france/les-arcs-1600/la-cachette_1637?holidayId=58391526,165,,,,,,,1638.36,5.0,4
france,alpe-d-huez,hotel-le-pic-blanc,1337.0,,1850.0,249.0,82,15,23,41,23,74,38,135,https://www.igluski.com/ski-resorts/france/alpe-d-huez/hotel-le-pic-blanc_6832?holidayId=58452757,188,71.0,120.0,151.0,276.0,141.0,241.0,1644.51,4.4,584
austria,kitzbuhel,hotel-maria-theresia,1341.0,,760.0,185.0,61,11,27,15,29,27,11,67,https://www.igluski.com/ski-resorts/austria/kitzbuhel/hotel-maria-theresia_1108?holidayId=59251711,148,,,,,,,1649.43,4.1,358
italy,ortisei-st-ulrich,hotel-genziana,1349.0,,1236.0,176.0,0,0,0,0,0,0,0,0,https://www.igluski.com/ski-resorts/italy/ortisei-st-ulrich/hotel-genziana_18931?holidayId=58210680,100,,,,,,,1659.27,4.6,315
france,belle-plagne,hotel-carlina,1351.0,200.0,2050.0,425.0,139,15,66,58,76,33,19,128,https://www.igluski.com/ski-resorts/france/belle-plagne/hotel-carlina_22648?holidayId=59256321,96,,,,,,,1661.73,4.5,224
france,val-d-isere,hotel-ski-lodge,1352.0,625.0,1850.0,300.0,89,10,45,34,83,46,25,154,https://www.igluski.com/ski-resorts/france/val-d-isere/hotel-ski-lodge_31850?holidayId=58533752,84,75.0,165.0,185.0,233.0,191.0,242.0,1662.96,2.8,5
france,flaine,terminal-neige-totem,1363.0,,1600.0,265.0,77,6,26,45,65,49,12,126,https://www.igluski.com/ski-resorts/france/flaine/terminal-neige-totem_1598?holidayId=58544219,234,0.0,0.0,111.0,275.0,88.0,289.0,1676.49,4.5,159
italy,cervinia,hotel-bucaneve,1373.0,,2050.0,350.0,56,21,21,12,30,75,26,131,https://www.igluski.com/ski-resorts/italy/cervinia/hotel-bucaneve_30928?holidayId=58531748,,27.0,106.0,64.0,147.0,55.0,208.0,1688.79,4.6,106
italy,kronplatz,hotel-excelsior,1374.0,300.0,900.0,103.0,32,20,6,6,25,12,6,43,https://www.igluski.com/ski-resorts/italy/kronplatz/hotel-excelsior_40756?holidayId=58210652,130,60.0,120.0,60.0,130.0,60.0,132.0,1690.02,4.8,357
austria,galtur,hotel-almhof,1386.0,,1585.0,40.0,0,0,0,0,0,0,0,0,https://www.igluski.com/ski-resorts/austria/galtur/hotel-almhof_26321?holidayId=58534504,160,20.0,45.0,66.0,125.0,68.0,150.0,1704.78,4.6,333
austria,st-anton,hotel-lux-alpinae,1386.0,800.0,1304.0,305.0,88,15,45,28,130,123,51,304,https://www.igluski.com/ski-resorts/austria/st-anton/hotel-lux-alpinae_18780?holidayId=58204454,50,35.0,45.0,110.0,138.0,102.0,168.0,1704.78,4.7,93
austria,st-christoph,hotel-hit-the-sky,1387.0,150.0,1304.0,348.0,97,13,50,34,85,129,34,248,https://www.igluski.com/ski-resorts/austria/st-christoph/hotel-hit-the-sky_41575?holidayId=58397429,100,35.0,45.0,110.0,138.0,102.0,168.0,1706.01,5.0,53
austria,zell-am-see,hotel-stadt-wien,1387.0,400.0,758.0,136.0,55,13,18,24,31,19,9,59,https://www.igluski.com/ski-resorts/austria/zell-am-see/hotel-stadt-wien_1333?holidayId=58201162,115,0.0,58.0,43.0,147.0,46.0,150.0,1706.01,4.7,295
austria,hochsolden,hotel-alpenfriede,1388.0,,2090.0,146.0,40,8,16,9,20,12,8,40,https://www.igluski.com/ski-resorts/austria/hochsolden/hotel-alpenfriede_36717?holidayId=58443528,,,,,,,,1707.24,4.9,104
austria,hinterglemm,hotel-almrausch,1394.0,,1003.0,200.0,54,15,16,23,32,27,5,64,https://www.igluski.com/ski-resorts/austria/hinterglemm/hotel-almrausch_38209?holidayId=58544235,,5.0,50.0,50.0,133.0,46.0,140.0,1714.62,4.7,128
france,plagne-centre,hotel-araucaria,1396.0,,2100.0,225.0,105,9,36,60,76,33,19,128,https://www.igluski.com/ski-resorts/france/plagne-centre/hotel-araucaria_24288?holidayId=58484327,144,,,,,,,1717.08,4.5,183
italy,santa-cristina,hotel-vitalpina-dosses,1398.0,400.0,1428.0,175.0,80,8,40,32,32,23,3,58,https://www.igluski.com/ski-resorts/italy/santa-cristina/hotel-vitalpina-dosses_33170?holidayId=58394381,,72.0,165.0,50.0,150.0,49.0,149.0,1719.54,4.7,222
austria,kitzbuhel,alpenhotel-kitzbuhel-am-schwarzsee,1401.0,,760.0,185.0,61,11,27,15,29,27,11,67,https://www.igluski.com/ski-resorts/austria/kitzbuhel/alpenhotel-kitzbuhel-am-schwarzsee_40744?holidayId=58534304,50,,,,,,,1723.23,4.2,315
austria,st-anton,hotel-kertess,1404.0,,1304.0,305.0,88,15,45,28,130,123,51,304,https://www.igluski.com/ski-resorts/austria/st-anton/hotel-kertess_1286?holidayId=58510674,100,35.0,45.0,110.0,138.0,102.0,168.0,1726.92,4.2,183
france,val-d-isere,avenue-lodge-hotel,1411.0,200.0,1850.0,300.0,89,10,45,34,83,46,25,154,https://www.igluski.com/ski-resorts/france/val-d-isere/avenue-lodge-hotel_27374?holidayId=58206620,108,75.0,165.0,185.0,233.0,191.0,242.0,1735.53,4.5,90
france,val-d-isere,hotel-le-val-d-isere,1411.0,500.0,1850.0,300.0,89,10,45,34,83,46,25,154,https://www.igluski.com/ski-resorts/france/val-d-isere/hotel-le-val-d-isere_803?holidayId=58404681,115,75.0,165.0,185.0,233.0,191.0,242.0,1735.53,4.4,83
france,la-rosiere,hotel-alparena,1419.0,300.0,1850.0,160.0,37,1,17,17,11,64,19,94,https://www.igluski.com/ski-resorts/france/la-rosiere/hotel-alparena_39545?holidayId=58210626,,15.0,90.0,190.0,225.0,174.0,263.0,1745.37,4.7,75
france,val-thorens,hotel-marielle,1419.0,100.0,2300.0,600.0,183,40,69,74,183,106,32,321,https://www.igluski.com/ski-resorts/france/val-thorens/hotel-marielle_39576?holidayId=58510816,150,98.0,121.0,215.0,267.0,207.0,269.0,1745.37,4.3,77
austria,st-anton,hotel-alpenhof,1420.0,1000.0,1304.0,305.0,88,15,45,28,130,123,51,304,https://www.igluski.com/ski-resorts/austria/st-anton/hotel-alpenhof_4143?holidayId=58538506,60,35.0,45.0,110.0,138.0,102.0,168.0,1746.6,4.4,130
austria,st-anton,hotel-galzig,1424.0,,1304.0,305.0,88,15,45,28,130,123,51,304,https://www.igluski.com/ski-resorts/austria/st-anton/hotel-galzig_36741?holidayId=58469877,,35.0,45.0,110.0,138.0,102.0,168.0,1751.52,4.7,71
austria,zurs-am-arlberg,hotel-arlberghaus,1426.0,,1700.0,276.0,85,10,39,36,0,0,0,0,https://www.igluski.com/ski-resorts/austria/zurs-am-arlberg/hotel-arlberghaus_7218?holidayId=58417282,100,35.0,45.0,110.0,138.0,102.0,168.0,1753.98,4.8,66
austria,st-anton,hotel-arlberg,1427.0,150.0,1304.0,305.0,88,15,45,28,130,123,51,304,https://www.igluski.com/ski-resorts/austria/st-anton/hotel-arlberg_1292?holidayId=58375249,156,35.0,45.0,110.0,138.0,102.0,168.0,1755.21,4.6,200
austria,bad-hofgastein,hotel-das-alpenhaus,1429.0,650.0,870.0,208.0,49,11,19,18,16,38,6,60,https://www.igluski.com/ski-resorts/austria/bad-hofgastein/hotel-das-alpenhaus_36820?holidayId=58400592,180,0.0,100.0,48.0,155.0,45.0,176.0,1757.67,4.5,653
austria,nassfeld,falkensteiner-hotel--spa-carinzia,1432.0,50.0,610.0,110.0,30,5,7,18,5,18,6,29,https://www.igluski.com/ski-resorts/austria/nassfeld/falkensteiner-hotel--spa-carinzia_37096?holidayId=58207766,350,0.0,120.0,0.0,100.0,0.0,100.0,1761.36,4.4,"1,294"
austria,obergurgl,hotel-austria,1460.0,200.0,1930.0,110.0,24,3,12,9,16,18,6,40,https://www.igluski.com/ski-resorts/austria/obergurgl/hotel-austria_27630?holidayId=58209549,106,100.0,185.0,69.0,143.0,60.0,133.0,1795.8,4.5,83
austria,obergurgl,hotel-bellevue,1460.0,300.0,1930.0,110.0,24,3,12,9,16,18,6,40,https://www.igluski.com/ski-resorts/austria/obergurgl/hotel-bellevue_7116?holidayId=58208009,84,100.0,185.0,69.0,143.0,60.0,133.0,1795.8,4.5,69
austria,st-anton,hotel-rundeck,1467.0,400.0,1304.0,305.0,88,15,45,28,130,123,51,304,https://www.igluski.com/ski-resorts/austria/st-anton/hotel-rundeck_27267?holidayId=58460736,55,35.0,45.0,110.0,138.0,102.0,168.0,1804.41,4.9,94
france,courchevel-1850,hotel-les-sherpas,1471.0,,1850.0,150.0,67,12,17,29,27,82,10,119,https://www.igluski.com/ski-resorts/france/courchevel-1850/hotel-les-sherpas_20479?holidayId=58489789,80,,,,,,,1809.33,4.4,35
france,val-thorens,fahrenheit-7-hotel,1486.0,100.0,2300.0,600.0,183,40,69,74,183,106,32,321,https://www.igluski.com/ski-resorts/france/val-thorens/fahrenheit-7-hotel_36347?holidayId=58511979,208,98.0,121.0,215.0,267.0,207.0,269.0,1827.78,4.5,403
france,tignes-val-claret,les-suites-maison-bouvier,1493.0,100.0,2100.0,300.0,89,10,45,34,83,46,25,154,https://www.igluski.com/ski-resorts/france/tignes-val-claret/les-suites-maison-bouvier_39303?holidayId=58207859,150,,,,,,,1836.3899999999999,4.8,352
france,les-deux-alpes,hotel-chalet-mounier,1499.0,100.0,1651.0,220.0,43,4,17,18,14,49,22,85,https://www.igluski.com/ski-resorts/france/les-deux-alpes/hotel-chalet-mounier_3263?holidayId=58207910,86,25.0,100.0,40.0,200.0,40.0,200.0,1843.77,4.8,313
austria,mayrhofen,elisabethhotel,1504.0,,630.0,600.0,52,8,27,17,43,75,15,133,https://www.igluski.com/ski-resorts/austria/mayrhofen/elisabethhotel_37515?holidayId=59410060,75,0.0,60.0,5.0,80.0,2.0,99.0,1849.92,4.6,396
france,meribel,hotel-l-eterlou,1507.0,50.0,1450.0,600.0,183,40,69,74,186,107,35,328,https://www.igluski.com/ski-resorts/france/meribel/hotel-l-eterlou_967?holidayId=58507037,49,98.0,121.0,215.0,267.0,207.0,269.0,1853.61,4.3,122
austria,lech,hotel-omesberg,1515.0,,1450.0,305.0,85,10,39,36,34,70,30,134,https://www.igluski.com/ski-resorts/austria/lech/hotel-omesberg_15464?holidayId=58370562,65,35.0,45.0,110.0,138.0,102.0,168.0,1863.45,4.7,61
austria,saalbach,hotel-saalbacherhof,1518.0,50.0,1003.0,270.0,70,28,22,20,140,110,20,270,https://www.igluski.com/ski-resorts/austria/saalbach/hotel-saalbacherhof_2027?holidayId=58202560,180,5.0,50.0,50.0,133.0,46.0,140.0,1867.1399999999999,4.4,395
austria,saalbach,bauer-hotel,1542.0,100.0,1003.0,270.0,70,28,22,20,140,110,20,270,https://www.igluski.com/ski-resorts/austria/saalbach/bauer-hotel_1331?holidayId=58542901,70,5.0,50.0,50.0,133.0,46.0,140.0,1896.66,4.4,111
austria,saalbach,hotel-sonne,1546.0,1000.0,1003.0,270.0,70,28,22,20,140,110,20,270,https://www.igluski.com/ski-resorts/austria/saalbach/hotel-sonne_7552?holidayId=58205385,134,5.0,50.0,50.0,133.0,46.0,140.0,1901.58,4.8,276
austria,obergurgl,hotel-josl,1547.0,,1930.0,110.0,24,3,12,9,16,18,6,40,https://www.igluski.com/ski-resorts/austria/obergurgl/hotel-josl_22710?holidayId=58196011,84,100.0,185.0,69.0,143.0,60.0,133.0,1902.81,4.6,135
austria,kitzbuhel,hotel-schwarzer-adler-wellness,1560.0,300.0,760.0,185.0,61,11,27,15,29,27,11,67,https://www.igluski.com/ski-resorts/austria/kitzbuhel/hotel-schwarzer-adler-wellness_4353?holidayId=58209895,169,,,,,,,1918.8,4.5,336
italy,selva-val-gardena,hotel-tyrol,1562.0,50.0,1563.0,175.0,81,9,41,31,32,23,4,59,https://www.igluski.com/ski-resorts/italy/selva-val-gardena/hotel-tyrol_2544?holidayId=58210484,100,72.0,165.0,50.0,150.0,49.0,149.0,1921.26,4.8,154
austria,zurs-am-arlberg,hotel-erzberg,1569.0,100.0,1700.0,276.0,85,10,39,36,0,0,0,0,https://www.igluski.com/ski-resorts/austria/zurs-am-arlberg/hotel-erzberg_30991?holidayId=58511508,,35.0,45.0,110.0,138.0,102.0,168.0,1929.87,4.9,26
austria,obertauern,valamar-obertauern,1576.0,,1738.0,95.0,26,1,19,6,22,22,6,50,https://www.igluski.com/ski-resorts/austria/obertauern/valamar-obertauern_4084?holidayId=58493164,104,40.0,70.0,153.0,193.0,175.0,215.0,1938.48,4.7,163
austria,solden,hotel-tyrolerhof,1577.0,,1350.0,146.0,33,8,16,9,20,12,8,40,https://www.igluski.com/ski-resorts/austria/solden/hotel-tyrolerhof_2918?holidayId=58493676,180,5.0,263.0,15.0,306.0,15.0,362.0,1939.71,4.6,242
france,tignes-le-lac,village-montana-hotel,1586.0,50.0,2100.0,300.0,89,10,45,34,83,46,25,154,https://www.igluski.com/ski-resorts/france/tignes-le-lac/village-montana-hotel_34992?holidayId=58208730,164,,,,,,,1950.78,4.6,78
austria,kaprun,tauern-spa-hotel,1597.0,800.0,775.0,132.0,56,12,17,27,31,19,9,59,https://www.igluski.com/ski-resorts/austria/kaprun/tauern-spa-hotel_30819?holidayId=58350697,320,0.0,130.0,33.0,188.0,39.0,235.0,1964.31,4.4,"5,659"
austria,saalbach,alpinresort-sport--spa,1611.0,200.0,1003.0,270.0,70,28,22,20,140,110,20,270,https://www.igluski.com/ski-resorts/austria/saalbach/alpinresort-sport--spa_34759?holidayId=58211075,180,5.0,50.0,50.0,133.0,46.0,140.0,1981.53,4.8,366
france,les-menuires,hotel-ours-blanc,1636.0,,1815.0,600.0,183,40,69,74,183,106,32,321,https://www.igluski.com/ski-resorts/france/les-menuires/hotel-ours-blanc_36668?holidayId=58510981,,98.0,121.0,215.0,267.0,207.0,269.0,2012.28,4.5,172
austria,obergurgl,hotel-gurglhof,1637.0,50.0,1930.0,110.0,24,3,12,9,16,18,6,40,https://www.igluski.com/ski-resorts/austria/obergurgl/hotel-gurglhof_39304?holidayId=58207032,120,100.0,185.0,69.0,143.0,60.0,133.0,2013.51,4.7,194
austria,obergurgl,hotel-alpina,1649.0,200.0,1930.0,110.0,24,3,12,9,16,18,6,40,https://www.igluski.com/ski-resorts/austria/obergurgl/hotel-alpina_2128?holidayId=58206702,160,100.0,185.0,69.0,143.0,60.0,133.0,2028.27,4.6,106
austria,obergurgl,hotel-bergwelt,1673.0,300.0,1930.0,110.0,24,3,12,9,16,18,6,40,https://www.igluski.com/ski-resorts/austria/obergurgl/hotel-bergwelt_2122?holidayId=58201211,150,100.0,185.0,69.0,143.0,60.0,133.0,2057.79,4.6,59
italy,selva-val-gardena,aaritz-hotel,1677.0,50.0,1563.0,175.0,81,9,41,31,32,23,4,59,https://www.igluski.com/ski-resorts/italy/selva-val-gardena/aaritz-hotel_4984?holidayId=58526173,74,72.0,165.0,50.0,150.0,49.0,149.0,2062.71,4.8,144
austria,zell-am-see,hotel-salzburgerhof,1691.0,400.0,758.0,136.0,55,13,18,24,31,19,9,59,https://www.igluski.com/ski-resorts/austria/zell-am-see/hotel-salzburgerhof_32249?holidayId=58209657,136,0.0,58.0,43.0,147.0,46.0,150.0,2079.93,4.6,289
austria,kitzbuhel,hotel-erika,1712.0,,760.0,185.0,61,11,27,15,29,27,11,67,https://www.igluski.com/ski-resorts/austria/kitzbuhel/hotel-erika_22597?holidayId=58462785,96,,,,,,,2105.7599999999998,4.6,134
austria,saalbach,hotel-eva-village,1715.0,,1003.0,270.0,70,28,22,20,140,110,20,270,https://www.igluski.com/ski-resorts/austria/saalbach/hotel-eva-village_4357?holidayId=58209372,142,5.0,50.0,50.0,133.0,46.0,140.0,2109.45,4.5,314
austria,obergurgl,hotel-crystal-vaya-unique,1749.0,,1930.0,110.0,24,3,12,9,16,18,6,40,https://www.igluski.com/ski-resorts/austria/obergurgl/hotel-crystal-vaya-unique_2124?holidayId=58203113,200,100.0,185.0,69.0,143.0,60.0,133.0,2151.27,4.4,229
austria,hochgurgl,hotel-riml,1755.0,50.0,2150.0,0.0,0,0,0,0,0,0,0,0,https://www.igluski.com/ski-resorts/austria/hochgurgl/hotel-riml_20333?holidayId=58210561,198,100.0,185.0,69.0,143.0,60.0,133.0,2158.65,4.6,333
france,courchevel-1650,ecrin-blanc,1775.0,50.0,1650.0,150.0,67,12,17,29,27,82,10,119,https://www.igluski.com/ski-resorts/france/courchevel-1650/ecrin-blanc_39269?holidayId=58475948,300,,,,,,,2183.25,4.4,152
austria,solden,hotel-bergland,1798.0,,1350.0,146.0,33,8,16,9,20,12,8,40,https://www.igluski.com/ski-resorts/austria/solden/hotel-bergland_7213?holidayId=58209648,178,5.0,263.0,15.0,306.0,15.0,362.0,2211.54,4.7,286
austria,st-christoph,hotel-maiensee,1822.0,20.0,1304.0,348.0,97,13,50,34,85,129,34,248,https://www.igluski.com/ski-resorts/austria/st-christoph/hotel-maiensee_26237?holidayId=58208346,,35.0,45.0,110.0,138.0,102.0,168.0,2241.06,4.7,112
andorra,soldeu,sporthotel-hermitage,1824.0,200.0,1800.0,210.0,67,4,32,26,63,38,22,123,https://www.igluski.com/ski-resorts/andorra/soldeu/sporthotel-hermitage_20506?holidayId=58448964,240,,,,,,,2243.52,4.7,871
austria,lech,hotel-gotthard,1825.0,,1450.0,305.0,85,10,39,36,34,70,30,134,https://www.igluski.com/ski-resorts/austria/lech/hotel-gotthard_2099?holidayId=58205854,112,35.0,45.0,110.0,138.0,102.0,168.0,2244.75,4.7,153
france,alpe-d-huez,hotel-les-grandes-rousses,1830.0,150.0,1850.0,249.0,82,15,23,41,23,74,38,135,https://www.igluski.com/ski-resorts/france/alpe-d-huez/hotel-les-grandes-rousses_25914?holidayId=58205475,104,71.0,120.0,151.0,276.0,141.0,241.0,2250.9,4.4,609
france,val-d-isere,hotel-l-aigle-des-neiges,1832.0,250.0,1850.0,300.0,89,10,45,34,83,46,25,154,https://www.igluski.com/ski-resorts/france/val-d-isere/hotel-l-aigle-des-neiges_22015?holidayId=58460435,176,75.0,165.0,185.0,233.0,191.0,242.0,2253.36,4.5,150
austria,st-anton,anthonys-hotel,1866.0,100.0,1304.0,305.0,88,15,45,28,130,123,51,304,https://www.igluski.com/ski-resorts/austria/st-anton/anthonys-hotel_32811?holidayId=58207725,,35.0,45.0,110.0,138.0,102.0,168.0,2295.18,4.6,266
france,val-thorens,hotel-le-val-thorens,1934.0,,2300.0,600.0,183,40,69,74,183,106,32,321,https://www.igluski.com/ski-resorts/france/val-thorens/hotel-le-val-thorens_1471?holidayId=58204288,162,98.0,121.0,215.0,267.0,207.0,269.0,2378.82,4.3,153
austria,ischgl,hotel-madlein,1942.0,,1400.0,230.0,48,9,27,12,23,60,15,98,https://www.igluski.com/ski-resorts/austria/ischgl/hotel-madlein_1886?holidayId=58429032,148,20.0,70.0,50.0,120.0,63.0,131.0,2388.66,4.4,157
finland,saariselka,star-arctic-hotel,1989.0,,180.0,20.0,5,0,1,4,3,7,2,12,https://www.igluski.com/ski-resorts/finland/saariselka/star-arctic-hotel_36553?holidayId=51658846,80,,,,,,,2446.47,4.5,457
austria,solden,hotel-central,1995.0,,1350.0,146.0,33,8,16,9,20,12,8,40,https://www.igluski.com/ski-resorts/austria/solden/hotel-central_37661?holidayId=58203828,,5.0,263.0,15.0,306.0,15.0,362.0,2453.85,4.7,364
finland,levi,design-hotel-levi,2019.0,,200.0,44.0,27,2,2,14,19,22,2,43,https://www.igluski.com/ski-resorts/finland/levi/design-hotel-levi_37025?holidayId=51660694,,35.0,45.0,65.0,75.0,90.0,115.0,2483.37,4.3,35
france,meribel,hotel-la-chaudanne,2025.0,50.0,1450.0,600.0,183,40,69,74,186,107,35,328,https://www.igluski.com/ski-resorts/france/meribel/hotel-la-chaudanne_32842?holidayId=58201277,,98.0,121.0,215.0,267.0,207.0,269.0,2490.75,4.3,95
france,tignes-le-lac,village-montana-suites,2092.0,50.0,2100.0,300.0,89,10,45,34,83,46,25,154,https://www.igluski.com/ski-resorts/france/tignes-le-lac/village-montana-suites_6122?holidayId=58210666,164,,,,,,,2573.16,4.6,78
austria,obergurgl,hotel-hochfirst,2128.0,100.0,1930.0,110.0,24,3,12,9,16,18,6,40,https://www.igluski.com/ski-resorts/austria/obergurgl/hotel-hochfirst_1381?holidayId=58203936,180,100.0,185.0,69.0,143.0,60.0,133.0,2617.44,4.6,118
france,val-thorens,hotel-fitz-roy,2216.0,,2300.0,600.0,183,40,69,74,183,106,32,321,https://www.igluski.com/ski-resorts/france/val-thorens/hotel-fitz-roy_32837?holidayId=58208710,112,98.0,121.0,215.0,267.0,207.0,269.0,2725.68,4.0,130
austria,ischgl,hotel-fliana,2258.0,,1400.0,230.0,48,9,27,12,23,60,15,98,https://www.igluski.com/ski-resorts/austria/ischgl/hotel-fliana_27625?holidayId=58210115,30,20.0,70.0,50.0,120.0,63.0,131.0,2777.34,4.6,201
austria,ischgl,hotel-elisabeth,2420.0,,1400.0,230.0,48,9,27,12,23,60,15,98,https://www.igluski.com/ski-resorts/austria/ischgl/hotel-elisabeth_2085?holidayId=58208465,110,20.0,70.0,50.0,120.0,63.0,131.0,2976.6,4.7,130
austria,ischgl,hotel-trofana-royal,2484.0,,1400.0,230.0,48,9,27,12,23,60,15,98,https://www.igluski.com/ski-resorts/austria/ischgl/hotel-trofana-royal_27361?holidayId=58207202,164,20.0,70.0,50.0,120.0,63.0,131.0,3055.32,4.6,370
austria,hinterglemm,hotel-alpine-palace,2517.0,20.0,1003.0,200.0,54,15,16,23,32,27,5,64,https://www.igluski.com/ski-resorts/austria/hinterglemm/hotel-alpine-palace_27264?holidayId=58208805,262,5.0,50.0,50.0,133.0,46.0,140.0,3095.91,4.5,386
